,名称,住所,電話番号,緯度,経度,種別
0,郷土博物館,東京都大田区南馬込五丁目11番13号,03-3777-1070,35.588577,139.710614,
1,勝海舟記念館,東京都大田区南千束二丁目3番1号,03-6425-7608,35.602117,139.692288,
2,大森 海苔のふるさと館,東京都大田区平和の森公園2番2号,03-5471-0333,35.577082,139.742585,
3,熊谷恒子記念館,東京都大田区南馬込4-5-15,03-3773-0123,35.585929,139.71043,
4,龍子記念館,東京都大田区中央四丁目2番1号,03-3772-0680,35.582391,139.715366,
5,尾崎士郎記念館,東京都大田区山王一丁目36番26号,03-3772-0680（龍子記念館内）,35.592438,139.721621,
6,山王草堂記念館,東京都大田区山王一丁目41番21号,03-3778-1039,35.593281,139.721057,
7,馬込文士村資料展示室,東京都大田区山王三丁目37番11号（大田区立山王会館内） ,03-3773-9216 ,35.585591,139.723456,
8,多摩川台公園古墳展示室,東京都大田区田園調布一丁目63番1号,03-3721-1951,35.590125,139.666968,
9,日曜寺,東京都板橋区大和町４２,,35.75806769,139.703944,
10,縁切榎,東京都板橋区本町１８,,35.75967371,139.7077548,
11,稲荷台遺跡,東京都板橋区稲荷台２３,,35.76189133,139.7100611,
12,板橋,東京都板橋区本町２８,,35.75730551,139.7088878,
13,中宿脇本陣跡,東京都板橋区仲宿５４,,35.75581887,139.7084236,
14,板橋宿本陣跡,東京都板橋区仲宿４７,,35.75513807,139.7093008,
15,旧板橋町役場跡地,東京都板橋区仲宿４４仲宿ふれあい公園,,35.75390292,139.7099283,
16,平尾宿名主屋敷跡,東京都板橋区板橋３－１５,,35.75099884,139.7131779,
17,東光寺,東京都板橋区板橋４－１３,,35.7500245,139.7151206,
18,加賀公園,東京都板橋区加賀１－８,,35.7529511,139.7198242,
19,圧磨機圧輪記念碑,東京都板橋区加賀１－１０加賀西公園,,35.75345154,139.7161125,
20,東上線記念碑,東京都板橋区板橋２－４,,35.74604641,139.7139635,
21,空襲犠牲者供養の地蔵,東京都板橋区大山金井町１６,,35.74468948,139.7068236,
22,西光院,東京都板橋区南町３１,,35.74092096,139.7017102,
23,新田坂,東京都板橋区成増２－３３,,35.77927893,139.6268514,
24,氷川神社,東京都板橋区赤塚４－２２,,35.78544829,139.6400443,
25,大門遺跡,東京都板橋区大門１,,35.78151448,139.6492519,
26,旧赤塚村役場跡地,東京都板橋区赤塚8-3松月院壇信徒会館,,35.78016009,139.6474293,
27,大堂,東京都板橋区赤塚６－４０,,35.77930127,139.6468566,
28,増福寺,東京都板橋区赤塚７－１４,,35.77638245,139.6489366,
29,徳丸東遺跡,東京都板橋区徳丸６－３３,,35.77868918,139.6597009,
30,成増との山遺跡,東京都板橋区成増３－３３,,35.78130512,139.6310569,
31,赤塚諏訪神社のこぶケヤキ,東京都板橋区赤塚８－５,,35.7820285,139.648169,
32,旧粕谷家（東の隠居）住宅,東京都板橋区徳丸７－１１,,35.78026829,139.6592805,
33,徳丸ヶ原,東京都板橋区高島平８－２４,,35.79180834,139.6608807,
34,早瀬の渡し,東京都板橋区新河岸３－９新河岸公園,,35.79581728,139.6496895,
35,御嶽神社,東京都板橋区桜川１－４,,35.75739658,139.6745404,
36,茂呂遺跡,東京都板橋区小茂根５－１７,,35.75432756,139.6757979,
37,旧上板橋村役場跡地,東京都板橋区東新町２－３６桜川老人いこいの家,,35.75389393,139.6804062,
38,氷川神社,東京都板橋区東新町２－１６,,35.7547146,139.6826705,
39,平安地蔵,東京都板橋区南常盤台２－１１,,35.75789682,139.6855729,
40,下頭橋と六蔵祠,東京都板橋区弥生町５２,,35.75549735,139.6914482,
41,西光寺,東京都板橋区大谷口２－８,,35.74608723,139.6884996,
42,根ノ上遺跡,東京都板橋区小茂根１－６,,35.74581975,139.6808914,
43,京徳観音堂,東京都板橋区西台３－５３,,35.77718846,139.6674191,
44,中台馬場崎貝塚,東京都板橋区若木３－４若木三丁目貝塚公園,,35.77415165,139.6768544,
45,旧志村役場跡地,東京都板橋区志村２－１９東京都聴覚障害者支援センター,,35.77522923,139.6879807,
46,富士大山道道標,東京都板橋区志村２－７,,35.77706385,139.6927173,
47,薬師の泉庭園,東京都板橋区小豆沢３－７,,35.7784899,139.6929362,
48,小豆沢神社,東京都板橋区小豆沢４－１６,,35.78020707,139.6991312,
49,龍福寺,東京都板橋区小豆沢４－１６,,35.78037686,139.6994213,
50,小豆沢貝塚,東京都板橋区小豆沢４－５,,35.77857686,139.6994101,
51,前野田向遺跡第２地点,東京都板橋区前野町３－５３,,35.7704218,139.6965675,
52,南蔵院,東京都板橋区蓮沼町４８,,35.77070251,139.7017113,
53,西台遺跡,東京都板橋区西台２－７西台福寿公園,,35.77803448,139.6678587,
54,稲荷神社,東京都板橋区宮本町５４,,35.76444633,139.7023102,
55,中台畠中遺跡,東京都板橋区中台２－４３,,35.77368356,139.6826241,
56,延命寺,東京都板橋区志村１－２１,,35.77488149,139.6924943,
57,志村一里塚,東京都板橋区志村１－１２・小豆沢２－１６,,35.77502807,139.695895,
58,熊野神社,東京都板橋区志村２－１６,,35.77605351,139.6870269,
59,智清寺,東京都板橋区大和町４２,,35.75869115,139.7050674,
60,文殊院,東京都板橋区仲宿２８,,35.75600188,139.7097929,
61,諏訪神社,東京都板橋区大門１１,,35.78464251,139.6484417,
62,乗蓮寺,東京都板橋区赤塚５－２８,,35.78187051,139.6442341,
63,安養院,東京都板橋区東新町２－３０,,35.75424658,139.6798388,
64,圓福寺,東京都板橋区西台３－３２,,35.77485148,139.6696392,
65,常楽院,東京都板橋区前野町４－２０,,35.77133894,139.6906971,
66,松月院,東京都板橋区赤塚８－４,,35.78118588,139.647822,
67,遍照寺,東京都板橋区仲宿４０,,35.75278617,139.7106153,
68,観明寺,東京都板橋区板橋３－２５,,35.75077578,139.7137144,
69,泉福寺,東京都板橋区赤塚６－３９,,35.77907327,139.6458168,
70,長徳寺,東京都板橋区大原町４０,,35.7696699,139.6971062,
71,子易神社,東京都板橋区板橋２－１９,,35.74789038,139.7091123,
72,稲荷神社,東京都板橋区若木１－１３,,35.76866985,139.6760329,
73,稲荷堂,東京都品川区北品川1-14-6,,35.6248135,139.7431679,百景
74,旧東海道のにぎわい,東京都品川区北品川1-30-9,,35.6201219,139.7425699,百景
75,品川浦と船だまり,東京都品川区東品川1-7,,35.6216083,139.7418514,百景
76,虚空蔵尊（養願寺）の縁日,東京都品川区北品川2-3-12,,35.6191503,139.7424293,百景
77,聖蹟公園（本陣跡）,東京都品川区北品川2-7-21,,35.6188087,139.7439431,百景
78,鎮守橋から新緑の荏原神社を望む,東京都品川区北品川2-30-28,,35.6171117,139.7438265,百景
79,荏原神社の天王祭<6月>,東京都品川区北品川2-30-28,,35.6171117,139.7438265,百景
80,品川神社,東京都品川区北品川3-7-15,,35.6184352,139.739616,百景
81,品川神社の例大祭<6月>,東京都品川区北品川3-7-15,,35.6184352,139.739616,百景
82,品川神社の太太神楽,東京都品川区北品川3-7-15,,35.6184352,139.739616,百景
83,東海七福神めぐり,東京都品川区北品川3-7-15,,35.6184352,139.739616,百景
84,板垣退助の墓,東京都品川区北品川3-7-15,,35.6184352,139.739616,百景
85,権現山公園,東京都品川区北品川3-9-5,,35.6185752,139.7377658,百景
86,桜の中での入学式,東京都品川区北品川3-9-30,,35.6180503,139.7379825,百景
87,子供の森公園,東京都品川区北品川3-10-13,,35.6163449,139.738229,百景
88,八ツ山橋,東京都品川区北品川4,,35.6219581,139.7357186,百景
89,新八ツ山橋から品川教会方向を望む,東京都品川区北品川4,,35.6219581,139.7357186,百景
90,原美術館,東京都品川区北品川4-7-25,,35.621822,139.735863,百景
91,桜の名所の御殿山,東京都品川区北品川1-21-8,,35.6224026,139.7410154,百景
92,東海寺大山墓地,東京都品川区北品川4-11-8,,35.617092,139.735716,百景
93,清水稲荷神社,東京都品川区北品川5-9-18,,35.619125,139.7341105,百景
94,利田神社と鯨塚,東京都品川区東品川1-7-17,,35.6211,139.7423875,百景
95,寄木神社,東京都品川区東品川1-35-8,,35.6180061,139.7458097,百景
96,天王洲公園野球場とナイター,東京都品川区東品川2-6,,35.6192282,139.7493843,百景
97,元なぎさ通り沿いの大きな柱が印象的な建物,東京都品川区東品川4-10-1 ,,35.607982,139.74576,百景
98,妙蓮寺・高木正年の墓,東京都品川区東品川4-10-1,,35.6079823,139.7457602,百景
99,天妙国寺の山門と無縁仏,東京都品川区南品川2-8-23,,35.6121706,139.7433768,百景
100,天妙国寺の墓地,東京都品川区南品川2-8-23,,35.6121706,139.7433768,百景
101,品川寺,東京都品川区南品川3-5-17,,35.6096764,139.7435325,百景
102,品川寺の江戸六地蔵,東京都品川区南品川3-5-17,,35.6096764,139.7435325,百景
103,品川寺の梵鐘,東京都品川区南品川3-5-17,,35.6096764,139.7435325,百景
104,海雲寺と千躰荒神,東京都品川区南品川3-5-21,,35.6090515,139.7439769,百景
105,清光院と奥平家墓地,東京都品川区南品川4-2-35,,35.6153006,139.7387214,百景
106,エンジュの並木のゼームス坂通り,東京都品川区南品川6-6-7,,35.6117233,139.7399187,百景
107,二日市公園,東京都品川区南品川6-7-15,,35.6114412,139.7390672,百景
108,赤レンガ造りの旧変電所,東京都品川区広町1-6,,35.6116259,139.7347885,百景
109,花房山の桜並木,東京都品川区上大崎3-10-41,,35.6310925,139.7171031,百景
110,清泉女子大学（旧島津公爵邸）,東京都品川区東五反田3-16-21,,35.6276822,139.7286883,百景
111,池田山公園,東京都品川区東五反田5-4-35,,35.6325647,139.7234275,百景
112,五反田公園の桜並木,東京都品川区東五反田5-25-1,,35.6280236,139.7241554,百景
113,かむろ坂,東京都品川区西五反田4-31-23,,35.6270846,139.7137924,百景
114,氷川神社とわき水,東京都品川区西五反田5-6-2,,35.6246924,139.7158107,百景
115,大崎副都心の街並み,東京都品川区大崎1-6-2,,35.6209385,139.7291747,百景
116,居木神社と居木橋貝塚,東京都品川区大崎3-8-20,,35.6198608,139.7251111,百景
117,八幡神社,東京都品川区東大井1-20-10,,35.6046687,139.7422995,百景
118,しながわ花海道と船だまり,東京都品川区東大井2-26-18,,35.5980076,139.7409233,百景
119,来福寺の境内,東京都品川区東大井3-13-1,,35.601805,139.7376721,百景
120,鈴ヶ森刑場跡と大経寺,東京都品川区南大井2-5-6,,35.5921478,139.7366505,百景
121,しながわ区民公園,東京都品川区勝島3-2-2,,35.5928005,139.7386532,百景
122,大井の水神社,東京都品川区南大井5-14-9,,35.5956667,139.7330283,百景
123,大井水神公園,東京都品川区南大井6-15-11,,35.5897562,139.7292483,百景
124,大井競馬場とトゥインクルレース,東京都品川区勝島2-1,,35.5908759,139.7421836,百景
125,大井競馬場前駅と運河、モノレール,東京都品川区勝島1-5-21,,35.5965364,139.7460275,百景
126,「平和の誓い」像,東京都品川区大井1-2-1,,35.6061821,139.7348915,百景
127,大井どんたく夏祭り<8月>,東京都品川区大井1-50,,35.6066015,139.7326916,百景
128,品川歴史館,東京都品川区大井6-11-1,,35.5967333,139.7301566,百景
129,鹿嶋神社,東京都品川区大井6-18-36,,35.59535,139.7300952,百景
130,大森貝塚,東京都品川区大井6-21,,35.5937946,139.7296897,百景
131,西大井駅とその周辺,東京都品川区西大井1-3,,35.6016406,139.7219703,百景
132,養玉院（如来寺）,東京都品川区西大井5-22-25,,35.5968439,139.7174766,百景
133,大仏の千灯供養,東京都品川区西大井5-22-25,,35.5968439,139.7174766,百景
134,伊藤博文公墓所,東京都品川区西大井6-10-18,,35.6003213,139.7200678,百景
135,JR東日本東京総合車両センター,東京都品川区広町2,,35.6089845,139.7310639,百景
136,林試の森,東京都品川区小山台2-6,,35.6251816,139.7011825,百景
137,武蔵小山商店街のにぎわい,東京都品川区小山3,,35.6198463,139.7053184,百景
138,小山両社祭の神輿連合渡御<9月>,東京都品川区小山6-7,,35.6146523,139.6997218,百景
139,星薬科大学,東京都品川区荏原2-2-9,,35.6176718,139.7131122,百景
140,西小山桜並木通り,東京都品川区小山5-7-1,,35.614258,139.700451,百景
141,小山八幡神社,東京都品川区荏原7-5-14,,35.6116888,139.6996331,百景
142,戸越銀座商店街のにぎわい,東京都品川区平塚1,,35.6141361,139.7149288,百景
143,旗岡八幡神社と鎌倉道,東京都品川区旗の台3-6-12,,35.6046398,139.7078298,百景
144,法蓮寺,東京都品川区旗の台3-6-18,,35.6042732,139.7081603,百景
145,旗の台伏見稲荷神社,東京都品川区旗の台5-15-2,,35.6046674,139.6994805,百景
146,カナリヤ坂,東京都品川区旗の台5-11-9,,35.6036287,139.7022192,百景
147,中延小学校の大楠と中延の森,東京都品川区中延1-11-15,,35.6125667,139.7095016,百景
148,中延商店街のにぎわい,東京都品川区東中延2,,35.6081396,139.7130264,百景
149,戸越八幡神社,東京都品川区戸越2-6-33,,35.6138141,139.7199339,百景
150,戸越公園,東京都品川区豊町2-1-30,,35.6111673,139.7223922,百景
151,上神明天祖神社,東京都品川区二葉4-4-12,,35.602482,139.7151958,百景
152,東京タワー、モノレールと海の風景,東京都品川区八潮5-5-3,,35.5998861,139.749952,百景
153,かもめ橋と京浜運河,東京都品川区八潮5-5-3,,35.5998861,139.749952,百景
154,みなとが丘ふ頭公園,東京都品川区八潮3-1,,35.5991366,139.7620567,百景
155,八潮橋,東京都品川区八潮1-4,,35.6057827,139.753407,百景
156,八潮団地から見える夕焼け,東京都品川区勝島1-4-19,,35.6004554,139.7462522,百景
157,東京モノレールと八潮団地,東京都品川区勝島1-4-19,,35.6004554,139.7462522,百景
158,八潮団地と緑道公園,東京都品川区勝島1-4-19,,35.6004554,139.7462522,百景
159,スポーツの森（大井ふ頭中央海浜公園）,東京都品川区八潮4-1,,35.5912345,139.7526691,百景
160,なぎさの森（大井ふ頭中央海浜公園）,東京都品川区八潮4-2,,35.5927536,139.7497858,百景
161,船の科学館がある風景,東京都品川区東八潮3-1,,35.6196731,139.7730742,百景
162,しながわ宿場まつり,東京都品川区北品川〜南品川,,35.61736717,139.7454267,百景
163,天王洲エリアの水辺の風景,東京都品川区東品川2,,35.622461,139.748193,百景
164,目黒川の桜,東京都品川区西五反田、東五反田、大崎、北品川,,35.61729,139.749734,百景
165,ねむの木の庭,東京都品川区東五反田5−19−5,,35.626568,139.725858,百景
166,五反田ふれあい水辺広場,東京都品川区東五反田2−9−11,,35.624344,139.726103,百景
167,しながわ水族館,東京都品川区勝島3−2−1,,35.588476,139.737501,百景
168,桜新道の桜並木,東京都品川区南大井,,35.596131,139.735612,百景
169,立会川の坂本龍馬像,東京都品川区東大井2−25,,35.598592,139.739922,百景
170,文庫の森,東京都品川区豊町1−16−23,,35.612275,139.720556,百景
171,神明児童遊園,東京都品川区二葉1−1,,35.608279,139.725514,百景
172,新幹線車両基地,東京都品川区八潮3,,35.585933,139.758827,百景
173,多田神社,東京都中野区南台3-43-1,03-3381-4376,35.682835,139.663406,
174,寳福寺,東京都中野区南台3-43-2,,35.682945,139.663315,
175,第六天堂,東京都中野区弥生町1-4-6,,35.691143,139.682037,
176,正蔵院,東京都中野区弥生町4-12-1?,,35.688824,139.672852,
177,川住行教の墓所,東京都中野区弥生町4-12-1?,,35.688824,139.672852,
178,神明氷川神社,東京都中野区弥生町4-27-30,03-3381-7629,35.686771,139.670639,
179,百度石,東京都中野区弥生町4-27-30,03-3381-7629,35.686771,139.670639,
180,成願寺,東京都中野区本町2-26-6,,35.693546,139.682083,
181,鍋島家の墓所,東京都中野区本町2-26-6,,35.693546,139.682083,
182,鈴木九郎宝篋印塔,東京都中野区本町2-26-6,,35.693546,139.682083,
183,象小屋跡,東京都中野区本町2-32,,35.695053,139.680939,
184,福寿院,東京都中野区本町3-12-9,,35.694065,139.674835,
185,本郷氷川神社,東京都中野区本町4-10-3,03-3381-6297,35.694107,139.67337,
186,本郷道改修記念碑,東京都中野区本町4-10-3,03-3381-6297,35.694107,139.67337,
187,宝仙寺三重塔跡,東京都中野区中央1-41,03-3371-7101,35.698669,139.683868,
188,明徳稲荷神社,東京都中野区中央2-52-1,,35.699059,139.676971,
189,白玉稲荷神社,東京都中野区中央2-8-24,,35.698456,139.682556,
190,宝仙寺,東京都中野区中央2-33-3,,35.698196,139.679214,
191,中野町役場跡,東京都中野区中央2-33-3,,35.698196,139.679214,
192,堀江家の墓所,東京都中野区中央2-33-3,03-3371-7101,35.698196,139.679214,
193,慈眼寺,東京都中野区中央3-33-3,,35.697674,139.672073,
194,中野氷川神社,東京都中野区東中野1-11-1,,35.701965,139.68309,
195,中野史跡碑,東京都中野区中野4-8-1,,35.707546,139.663818,
196,中野の犬屋敷,東京都中野区中野4-8-1,,35.707546,139.663818,
197,北野神社（中野）,東京都中野区中野5-8,,35.707836,139.671799,
198,龍昌寺,東京都中野区中野6-3-7,,35.708263,139.677429,
199,青原寺,東京都中野区上高田1-2-3,,35.709194,139.680573,
200,朱楽菅江の墓,東京都中野区上高田1-2-3,,35.709194,139.680573,
201,源通寺,東京都中野区上高田1-2-7,,35.708931,139.679993,
202,河竹黙阿弥の墓,東京都中野区上高田1-2-7,03-3371-8817,35.708931,139.679993,
203,高徳寺,東京都中野区上高田1-2-9,,35.708794,139.679688,
204,新井白石の墓,東京都中野区上高田1-2-9,03-3368-6947,35.708794,139.679688,
205,松源寺,東京都中野区上高田1-27-3,,35.708401,139.677795,
206,宗清寺,東京都中野区上高田1-27-6,,35.708397,139.677322,
207,保善寺,東京都中野区上高田1-31-2,,35.708408,139.676819,
208,境妙寺,東京都中野区上高田4-9-3,,35.712017,139.679596,
209,桜ケ池不動尊,東京都中野区上高田4-32-3,,35.714638,139.676987,
210,上高田氷川神社,東京都中野区上高田4-42-1,,35.714741,139.676529,
211,東光寺,東京都中野区上高田5-21-5,,35.716911,139.676193,
212,新井天神北野神社,東京都中野区新井4-14-3,03-3388-0135,35.71476,139.666428,
213,新井薬師梅照院,東京都中野区新井5-3-5,03-3386-1355,35.713654,139.667786,
214,沼袋氷川神社,東京都中野区沼袋1-31-4,03-3386-5566,35.71907,139.666611,
215,道灌杉,東京都中野区沼袋1-31-4,03-3386-5566,35.71907,139.666611,
216,貞源寺,東京都中野区沼袋2-19-28,,35.722538,139.666718,
217,禅定院,東京都中野区沼袋2-28-2,,35.720699,139.665085,
218,百観音明治寺,東京都中野区沼袋2-28-20,,35.722263,139.663864,
219,清谷寺,東京都中野区沼袋3-21-7,03-3385-8425,35.718258,139.658829,
220,哲学堂公園,東京都中野区松が丘1-34-28,,35.72274,139.675598,
221,北野神社（松が丘）,東京都中野区松が丘2-27-1,03-3338-7538,35.722324,139.671371,
222,江古田古戦場の碑,東京都中野区松が丘2-35,,35.723732,139.670898,
223,整地碑,東京都中野区松が丘2-36,,35.723652,139.669266,
224,旧野方配水塔,東京都中野区江古田1-3,,35.724327,139.674728,
225,蓮華寺,東京都中野区江古田1-6-4,,35.723621,139.673508,
226,井上円了の墓,東京都中野区江古田1-6-4,,35.723621,139.673508,
227,東福寺,東京都中野区江古田3-9-15,,35.726639,139.667542,
228,江古田氷川神社,東京都中野区江古田3-13-6,03-3386-2527,35.726944,139.666397,
229,北江古田遺跡,東京都中野区江古田3-14,,35.727409,139.665497,
230,野方第二公園西の地蔵,東京都中野区野方2-14,,35.713642,139.657043,
231,二十三夜塔,東京都中野区野方3-7,,35.717831,139.657898,
232,野方町役場跡,東京都中野区野方5-3-1,,35.718525,139.653091,
233,大和町八幡神社,東京都中野区大和町2-30-3,,35.713409,139.650879,
234,福蔵院,東京都中野区白鷺1-31-5,03-3338-0183,35.720963,139.638748,
235,鷺宮八幡神社,東京都中野区白鷺1-31-10,03-3338-8536,35.721214,139.637955,
236,御嶽神社,東京都中野区鷺宮5-12,,35.7244,139.63208,
237,杉山公園,東京都中野区本町6-15,,35.696857,139.66713,
238,城山公園,東京都中野区中野1-44,,35.70443,139.674484,
239,紅葉山公園,東京都中野区中野2-5,,35.703854,139.671417,
240,中野四季の森公園,東京都中野区中野4-12;4-13,,35.709072,139.661041,
241,平和の森公園,東京都中野区新井3-37,,35.715572,139.662277,
242,新井薬師公園,東京都中野区新井4-15;5-4,,35.715527,139.666931,
243,丸山塚公園,東京都中野区沼袋2-40,,35.723267,139.663284,
244,江古田公園,東京都中野区松が丘2-29;2-35,,35.723202,139.671021,
245,江原屋敷森緑地,東京都中野区江原町3-32,,35.732475,139.672562,
246,みずのとう公園,東京都中野区江古田1-3,,35.724327,139.674728,
247,江古田植物化石層発見の地,東京都中野区江古田１-43,,35.726376,139.670273,
248,江古田の森公園,東京都中野区江古田3-14,,35.727409,139.665497,
249,醤油屋のしいの木,東京都中野区江古田4-3-4,03-3319-9221,35.724205,139.664993,
250,桃園川緑道,東京都中野区中央1-50～中野3-13,,35.700722,139.68486,
251,追分,東京都中野区中央4-7,,35.698059,139.668732,
252,新道橋,東京都中野区新井3-38;4-32,,35.717651,139.663422,
253,オリーブ橋,東京都中野区若宮3-57;白鷺1-14,,35.720512,139.640381,
254,かせいチャンモニュメント,若宮3-16（都立家政商店街）,,35.721973,139.644775,
255,石森製粉の石臼,東京都中野区本町1-32-27,,35.696613,139.684143,
256,山政醤油醸造所（浅田醤油）レンガ塀,東京都中野区中央2-32,,35.698074,139.678253,
257,石臼塚,東京都中野区中央2-33-3,,35.698196,139.679214,
258,東京都中野区中野5-52-15（ブロードウェイ）;中野5-67-1（サンモール）,東京都板橋区35.709923,139.665665,,,
259,梅若能楽学院会館,東京都中野区東中野2-6-14,03-3363-7748,35.701553,139.682419,
260,神田川歌碑,東京都中野区中央1-13-9,,35.70155,139.68692,
261,なかのZERO,東京都中野区中野2-9-7,,35.704842,139.671417,
262,ポケットスクエア,東京都中野区中野3-21;3-22,,35.703732,139.662506,
263,中野サンプラザ,東京都中野区中野4-1-1,03-3388-1151,35.707565,139.664719,
264,なかの芸能小劇場,東京都中野区中野5-68-7,,35.709251,139.665131,
265,「たきび」の歌発祥の地,東京都中野区上高田3-26-17,,35.714027,139.674469,
266,山﨑記念中野区立歴史民俗資料館,東京都中野区江古田4-3-4,03-3319-9221,35.724205,139.664993,
267,平和の森公園多目的運動広場,東京都中野区新井3-37,,35.715572,139.662277,
268,哲学堂運動施設,東京都中野区松が丘1-34-28,,35.72274,139.675598,
269,あぶまた味噌,東京都中野区本町3-32-19,,35.697563,139.675156,
270,鍋横最中（むさしの玉屋）,東京都中野区本町4-30-14,03-3381-7012,35.69622,139.669968,
271,うの花（神宮豆腐総本店）,東京都中野区中央4-1－20,03-3381-3688,35.698383,139.670837,
272,アップルパイ、ジンジャー入りバナナブレッド計２件（PINの店）,東京都中野区中央5-1-2,03-3381-0201,35.697521,139.667007,
273,黄玉満（虎月堂）,東京都中野区中央5-40-15-103,03-3384-0082,35.70142,139.666779,
274,柿の種（かきもち処はやしや）,東京都中野区東中野3-1-1,03-3371-8848,35.706429,139.682602,
275,特製細麺トマトつけスパゲッティー（ビストログラート）,東京都中野区東中野4-9-1,03-3366-5003,35.707069,139.686081,
276,イリュージョンのナポリタン（BarILLUSIONS）,東京都中野区中野2-12-11,03-3384-7598,35.705383,139.66803,
277,ごぼうポタージュのオムライス（kurumari）,東京都中野区中野2-28-1,03-6382-7450,35.703068,139.666,
278,いちごのトライフル（クロシェットカフェ）,東京都中野区中野4-3-1,03-5343-5088,35.708858,139.66452,
279,深辛チキンカレー（BAR＆RESTAURANT天）,東京都中野区中野5-36-1,03-3387-7357,35.707294,139.667145,
280,肉まん（手作り点心また明日。）,東京都中野区中野5-52-15,03-3389-6502,35.709923,139.665665,
281,うなぎ燻製（味治）,東京都中野区中野5-57-10,03-6677-1990,35.708069,139.66684,
282,ラーメンコテ丸（薬師の大番）,東京都中野区上高田3-41-3,03-3385-1193,35.715767,139.671585,
283,キャロットケーキ（Kyle’sGoodFinds）,東京都中野区新井2-7-10,03-3385-8993,35.712315,139.665588,
284,つけそば（麺彩房）,東京都中野区新井3-6-7,03-3386-2327,35.715092,139.665192,
285,東京都中野区沼袋1-37－11,東京都板橋区35.720356,139.663513,,,
286,自家製手造りメンチカツ（中島屋精肉店）,東京都中野区若宮1-27-9,03-3330-0402,35.718788,139.650497,
287,中野みやげ噺（パティスリーふじの木）,東京都中野区若宮3-17-6,03-3330-4261,35.721966,139.644455,
288,生フルーツゼリー（フルーツパーラーサンフルール）,東京都中野区鷺宮3-1-16,03-3337-0351,35.72274,139.644165,
289,聖徳記念絵画館,東京都新宿区霞ヶ丘1-1,03-3401-5179,35.678727,139.717628,国指定重要文化財（建造物）
290,早稲田大学大隈記念講堂,東京都新宿区戸塚町1-104,03-3208-9644,35.708932,139.721583,国指定重要文化財（建造物）
291,学習院旧正門,東京都新宿区戸山3-20-1,03-3203-1901,35.707235,139.709094,国指定重要文化財（建造物）
292,太宗寺の銅造地蔵菩薩坐像　附旧像内納入品,東京都新宿区新宿2-9-2,03-3356-7731,35.689334,139.709616,東京都指定有形文化財（彫刻）
293,中井御霊神社の本殿・幣殿・拝殿,東京都新宿区中井2-29-16,03-3950-4138,35.716278,139.679991,新宿区指定有形文化財（建造物）
294,花園神社の唐獅子像,東京都新宿区新宿5-17-3,03-3209-5265,35.693554,139.705168,新宿区指定有形文化財（彫刻）
295,天龍寺の時の鐘,東京都新宿区新宿4-3-19,03-3354-1011,35.688693,139.704159,新宿区指定有形文化財（工芸品）
296,熊野神社の水鉢,東京都新宿区西新宿2-11-2,03-3343-5521,35.690512,139.688292,新宿区指定有形文化財（工芸品）
297,須賀神社の三十六歌仙絵,東京都新宿区須賀町5-6,03-3351-7023,35.685958,139.72249,新宿区指定有形文化財（絵画）
298,末広亭,東京都新宿区新宿3-6-12,03-3351-2974,35.691152,139.705892,新宿区地域文化財
299,山鹿素行の墓,東京都新宿区弁天町1,03-3209-8514,35.704937,139.7247574,国指定史跡
300,田宮稲荷神社跡,東京都新宿区左門町17,03-3351-5066,35.68548,139.721004,東京都指定史跡
301,夏目漱石終焉の地,東京都新宿区早稲田南町7,03-3205-0209,35.708604,139.725385,新宿区指定史跡
302,佐伯祐三アトリエの地,東京都新宿区中落合2-4-21,03-5988-0091,35.720863,139.69364,新宿区指定史跡
303,小泉八雲旧居跡,東京都新宿区富久町7-30,03-3351-2330,35.691418,139.717239,新宿区指定史跡
304,服部半蔵の墓,東京都新宿区若葉2-9,03-3351-0662,35.684599,139.725659,新宿区指定史跡
305,三遊亭円朝旧居跡,東京都新宿区新宿1-21,03-3209-1111,35.688881,136.713079,新宿区指定史跡
306,林芙美子終焉の地,東京都新宿区中井2-20-1,03-5996-9207,35.715782,139.684141,新宿区登録史跡
307,成子天神社の富士塚,東京都新宿区西新宿8-14-10,03-3368-6933,35.69643,139.692167,新宿区登録史跡
308,牛込城跡,東京都新宿区袋町15,03-3260-1025,35.70044,139.738241,新宿区登録史跡
309,多摩川五本松,元和泉三丁目地先,03-3430-1111,35.632433,139.33579,
310,狛江エコルマホール,狛江市元和泉１－２－１,03-3430-4106,35.633278,139.578031,
311,巨大絵手紙,狛江市元和泉１丁目,03-3430-1111,35.632978,139.577494,
312,絵手紙表示板,狛江市元和泉１丁目,03-3430-1111,35.633321,139.577728,
313,泉龍寺,狛江市元和泉1-6-1,03-3489-6778,35.63313,139.575696,
314,玉泉寺,狛江市東和泉3-10-23,03-3480-2330,35.626955,139.573943,
315,伊豆美神社,狛江市中和泉3-21-8,03-3489-8105,35.635205,139.569083,
316,多摩川,狛江市猪方４－３,,35.623493,139.576259,
317,JA東京みらい 田無支店,東京都西東京市田無町5-10-1,042-461-8047,35.731285,139.540245,
318,JA東京みらい 保谷支店,東京都西東京市泉町3-1-1,042-421-6479,35.737637,139.553134,
319,東伏見ふれあいプラザ,東京都西東京市富士町4-33-15 飯田ビル1階,042-466-1347,35.72906,139.562586,
320,東京大学大学院農学生命科学研究科附属演習林　田無演習林,東京都西東京市緑町1-1-8,042-461-1528,35.7395,139.5377,
321,郷土資料室,東京都西東京市西原町四丁目5番6号　,042-467-1183,35.73667,139.52918,
322,多摩六都科学館,東京都西東京市芝久保町五丁目10番64号,042-469-6100,35.734443,139.523546,
323,保谷こもれびホール,東京都西東京市中町一丁目5番1号,042-421-1919,35.741392,139.55824,
324,スポーツセンター,東京都西東京市中町1-5-1,042-425-0505,35.74228,139.558951,
325,南町スポーツ・文化交流センター,東京都西東京市南町5-6-5,042-451-0555,35.725602,139.537498,
326,総合体育館,東京都西東京市向台町5-4-20,042-467-3411,35.72003,139.529959,
327,西東京市中央図書館,東京都西東京市南町五丁目6番11号,042-465-0823,35.726013,139.537715,
328,西東京市ひばりが丘図書館,東京都西東京市ひばりが丘1-2-1,042-424-0264,35.751952,139.54371,
329,清洲橋,東京都江東区清澄1〜中央区日本橋中洲　　　　　　 ,(03)3542-3726,35.68246,139.791776,国指定重要文化財
330,石造燈籠　昭和２年在銘　一対,東京都江東区清澄2-12-12　　　　　　　　　　　　　　　,(03)3641-8059,35.68291,139.796847,江東区登録文化財
331,石造燈籠　林忠旭奉納寛永寺旧蔵,東京都江東区清澄3-4-23　　　　　　　　　　　　　　,,35.681383,139.797588,江東区登録文化財
332,新大橋親柱,東京都江東区新大橋1-2　新大橋東詰公園 　　　　　,(03)3542-3726,35.687659,139.793454,江東区登録文化財
333,コンクリート造鳥居　昭和11年在銘,東京都江東区新大橋3-1-4　　　　　　　　　　　　　　　 ,,35.686457,139.795331,江東区登録文化財
334,石造燈籠　昭和９年在銘　一対,東京都江東区森下1-3-17　　　　　　　　　　　　　　,(03)3631-5548,	35.686682,139.797309,江東区登録文化財
335,石造燈籠　初代中村歌右衛門奉納,東京都江東区平野2-4-25,(03)3641-3390,35.678433,139.801951,江東区登録文化財
336,石造燈籠　伊達宗村奉納　一対,東京都江東区平野2-4-25,(03)3641-3390,35.678433,139.801951,江東区登録文化財
337,石造燈籠　初代坂東彦三郎・津川哥門他奉納　一対,東京都江東区平野2-4-25,(03)3641-3390,35.678433,139.801951,江東区登録文化財
338,石造宝篋印塔(残欠)　明暦３年在銘,東京都江東区平野2-4-25,(03)3641-3390,35.678433,139.801951,江東区登録文化財
339,石造燈籠　服部正保他奉納　一対,東京都江東区三好1-6-3　　　　　　　　　　　　　　　　　,(03)3641-5848,	35.680705,139.800321,江東区登録文化財
340,石造五輪塔（榊原式部大輔政倫墓）　天和３年在銘,東京都江東区三好1-6-3　　　　　　　　　　　　　　　　　,(03)3641-5848,	35.680705,139.800321,江東区登録文化財
341,石造燈籠　享保10年在銘,東京都江東区三好1-7-7　　　　　　　　　　　　,,35.680547,139.799813,江東区登録文化財
342,石造燈籠　明和３年在銘,東京都江東区三好1-7-7　　　　　　　　　,,35.680547,139.799813,江東区登録文化財
343,石造五輪塔　貞享３年在銘,東京都江東区三好2-7-5　　　　　　　　　　　　　　　,(03)3642-3437 ,	35.679983,139.803537,江東区登録文化財
344,石造宝篋印塔（阿茶局墓塔)　寛永14年在銘,東京都江東区三好2-17-14　　　　　　　　　　 ,(03)3641-0591,35.680513,139.803357,江東区指定文化財
345,石造宝篋印塔　寛永14年在銘,東京都江東区三好2-17-14　　　　　　　　　　　　　　　 ,(03)3641-0591,35.680513,139.803357,江東区登録文化財
346,石造五輪塔　寛文13年在銘,東京都江東区三好3-7-5　　　　　　　　　　　　　　　　,,35.680536,139.804301,江東区登録文化財
347,石造燈籠　一対,東京都江東区白河1-3-32　　　　　　　　　　　　　　　　,(03)3641-1523 ,35.680812,139.799953,江東区登録文化財
348,石造燈籠　天明６年在銘　一対,東京都江東区白河1-3-32　　　　　　　,(03)3641-1523 ,35.680812,139.799953,江東区登録文化財
349,石造燈籠　宝永４年在銘,東京都江東区白河1-3-32　　　　　　　　　　　　　　　　,(03)3641-1523 ,35.680812,139.799953,江東区登録文化財
350,永代橋,東京都江東区永代1〜中央区新川1,(03)3542-3726,35.676232,139.787657,国指定重要文化財
351,石造鳥居　昭和５年在銘,東京都江東区永代2-37　　　　　　　　　　　　　　　　　,,35.674928,139.792401,江東区登録文化財
352,石造五輪塔,東京都江東区深川2-22-11　　　　,(03)3641-6832,35.676873,139.799094,江東区登録文化財
353,石造燈籠　寛文８年在銘,東京都江東区深川2-22-11　　　　　　　　　　　　　　　,(03)3641-6832,35.676873,139.799094,江東区登録文化財
354,石造燈籠　浅野長矩奉納寛永寺旧蔵,東京都江東区深川2　　　　　　　　　　　　　　　　　　　　,,,,江東区登録文化財
355,旧東京市深川食堂,東京都江東区門前仲町1-19-15　　　　　　　　　　　　,(03)3647-9819,35.674049,139.794931,国登録文化財
356,石造燈明台　明治31年在銘,東京都江東区富岡1-14　　　　　　　　　　　　　　 　　　,(03)3647-9819,35.672811,139.79774,江東区指定文化財
357,石造燈籠　明治15年在銘　一対,東京都江東区富岡1-17-13　　　　　　　　　　　　,(03)3641-8288,	35.672853,139.798368,江東区登録文化財
358,石造玉垣　明治22年在銘,東京都江東区富岡1-17-13　　　　　　　　　　　　　　　,(03)3641-8288,35.672853,139.798368,江東区登録文化財
359,深川不動堂旧本堂,東京都江東区富岡1-17-13　　　　　　　　　　　　　　　,(03)3641-8288,35.672853,139.798368,江東区指定文化財
360,和倉橋親柱　２基,東京都江東区深川2-1、富岡1-17　　　　　　 ,(03)3647-9819,35.673263,139.799212,江東区指定文化財
361,旧弾正橋（八幡橋）,東京都江東区富岡1-19〜2-7　　　　　　　　　　　　　 ,(03)3647-9819,35.671881,139.800612,江東区指定文化財
362,石造燈籠　伊奈忠宥奉納　一対,東京都江東区富岡1-20-3　　　　　　　　　　　　　　　　,(03)3642-1315,35.671958,139.799609,江東区登録文化財
363,石造燈籠　買手中奉納,東京都江東区富岡1-20-3　　　　　　　　　　　　　　　　,(03)3642-1315,35.671958,139.799609,江東区登録文化財
364,石造燈籠　享保16年在銘　一対,東京都江東区富岡1-20-3　　　　　　　　　　　　　　　　,(03)3642-1315,35.671958,139.799609,江東区登録文化財
365,石造燈籠　丸屋七右衛門奉納　一対,東京都江東区富岡1-20-3　　　　　　　　　　　　　　　　,(03)3642-1315,35.671958,139.799609,江東区登録文化財
366,石造燈籠　栖原三九郎奉納　一対,東京都江東区富岡1-20-3　　　　　　　　　　　　　　　　,(03)3642-1315,35.671958,139.799609,江東区登録文化財
367,石造燈籠　元治元年在銘　一対,東京都江東区富岡1-20-3　　　　　　　　　　　　　　　　,(03)3642-1315,35.671958,139.799609,江東区登録文化財
368,石造鳥居　文化２年在銘,東京都江東区富岡1-20-3　　　　　　　　　　　　　　　　,(03)3642-1315,35.671958,139.799609,江東区登録文化財
369,石造鳥居　東京肥料商有志奉納,東京都江東区富岡1-20-3　　　　　　　　　　　　　　　　,(03)3642-1315,35.671958,139.799609,江東区登録文化財
370,石造燈籠　深川浜常燈講奉納　一対,東京都江東区富岡1-20-3　　　　　　　　　　　　　　　　,(03)3642-1315,35.671958,139.799609,江東区登録文化財
371,石造鳥居　昭和９年在銘,東京都江東区富岡1-20-3　　　　　　　　　　　　　　　　,(03)3642-1315,35.671958,139.799609,江東区登録文化財
372,石造鳥居　昭和９年在銘,東京都江東区富岡1-20-3　　　　　　　　　　　　　　　　,(03)3642-1315,35.671958,139.799609,江東区登録文化財
373,石造鳥居　昭和12年在銘,東京都江東区富岡1-20-3　　　　　　　　　　　　　　　　,(03)3642-1315,35.671958,139.799609,江東区登録文化財
374,石造燈籠　市倉秀楽三代目光雄奉納,東京都江東区富岡1-20-3　　　　　　　　　　　　　　　　,(03)3642-1315,35.671958,139.799609,江東区登録文化財
375,石造燈籠　小川治兵衛奉納　一対,東京都江東区富岡1-20-3　　　　　　　　　　　　　　　　,(03)3642-1315,35.671958,139.799609,江東区登録文化財
376,石造燈籠　栖原三九郎・小川市兵衛奉納　一対,東京都江東区牡丹3-12-2　　　　　　　　　　　　　　　　,,35.669482,139.797678,江東区登録文化財
377,石造鳥居　昭和12年在銘,東京都江東区牡丹3-12-2　　　　　　　　　　　　　　　　,,35.669482,139.797678,江東区登録文化財
378,石造燈籠　板倉重形奉納寛永寺旧蔵,東京都江東区新木場2-1-8,(03)3521-7111,35.640071,139.822574,江東区登録文化財
379,明治丸,東京都江東区越中島2-1　　　　　　     　　　,(03)5245-7300,35.667878,139.791799,国指定重要文化財
380,石造六角宝塔　貞享２年在銘,東京都江東区千田12-8　　　　　　　　　　　　　　　　　　,(03)3640-0375,35.682329,139.815016,江東区登録文化財
381,石造燈籠　御作事方・御勘定方・御材木方奉納　一対,東京都江東区猿江2-2-17　猿江神社内　　　　　        　　,(03)3631-2516,35.685871,139.814147,江東区登録文化財
382,石造燈籠　昭和６年在銘　一対,東京都江東区猿江2-2-17,(03)3631-2516,35.685871,139.814147,江東区登録文化財
383,石造燈籠　猿江裏町南部町会奉納　一対,東京都江東区猿江2-2-17,(03)3631-2516,35.685871,139.814147,江東区登録文化財
384,旧渋沢家住宅（部材）,東京都江東区木場2-15-3　　　　　　　　　　　　　　　,,35.672006,139.802997,江東区指定文化財
385,石造鳥居　下村店中奉納,東京都江東区木場2-18-12　　　　　　　　　　　　　　　,,35.669951,139.804783,江東区登録文化財
386,石造燈籠　寛政６年在銘　一対,東京都江東区木場2-18-12　　　　　　　　　　　　　　　,,35.669951,139.804783,江東区登録文化財
387,石造燈籠　燈籠講奉納　一対,東京都江東区木場2-18-12　　　　　　　　　　　　　　　,,35.669951,139.804783,江東区登録文化財
388,石造燈籠　明治28年在銘　一対,東京都江東区木場2-18-12　　　　　　　　　　　　　　　,,35.669951,139.804783,江東区登録文化財
389,繁栄稲荷神社本殿,東京都江東区木場2-18-12　　　　　　　　　　　　　　　,,35.669951,139.804783,国指定重要文化財
390,石造燈籠　大久保教重奉納寛永寺旧蔵,東京都江東区東陽4-11-38　　　　　　　　　　　　　　　,,35.673634,139.816582,江東区登録文化財
391,石造燈籠　西郷延員奉納寛永寺旧蔵,東京都江東区東陽5-30-13　　　　　　　　　　　　　　　,(03)3649-8111 ,35.673575,139.815765,江東区登録文化財
392,石造燈籠　塩原太助奉納,東京都江東区亀戸3-6-1　　　　　　　　　　　　　　　　 ,(03)3681-0010,35.702666,139.820838,江東区登録文化財
393,石造燈籠　大正２年在銘　一対,東京都江東区亀戸3-6-1　　　　　　　　　　　　　　　　 ,(03)3681-0010,35.702666,139.820838,江東区登録文化財
394,石造鳥居　弘化２年在銘,東京都江東区亀戸3-6-1　　　　　　　　　　　　　　　　 ,(03)3681-0010,35.702666,139.820838,江東区登録文化財
395,石造燈籠　明治35年在銘　一対,東京都江東区亀戸3-6-1　　　　　　　　　　　　　　　　 ,(03)3681-0010,35.702666,139.820838,江東区登録文化財
396,石造燈籠　大正５年在銘,東京都江東区亀戸3-6-1　　　　　　　　　　　　　　　　 ,(03)3681-0010,35.702666,139.820838,江東区登録文化財
397,石造燈籠　明治35年在銘　一対,東京都江東区亀戸3-6-1　　　　　　　　　　　　　　　　 ,(03)3681-0010,35.702666,139.820838,江東区登録文化財
398,石造燈籠　明治35年在銘,東京都江東区亀戸3-6-1　　　　　　　　　　　　　　　　 ,(03)3681-0010,35.702666,139.820838,江東区登録文化財
399,石造燈籠　明治40年在銘　一対,東京都江東区亀戸3-6-1　　　　　　　　　　　　　　　　 ,(03)3681-0010,35.702666,139.820838,江東区登録文化財
400,石造燈籠　明治35年在銘　一対,東京都江東区亀戸3-6-1　　　　　　　　　　　　　　　　 ,(03)3681-0010,35.702666,139.820838,江東区登録文化財
401,石造燈籠　明治32年在銘　一対,東京都江東区亀戸3-34-2　　　　　　　　　　　　　　　　,(03)3681-2620,35.705622,139.819415,江東区登録文化財
402,石造鳥居　大正11年在銘,東京都江東区亀戸3-38-35,(03)3681-3042,35.706504,139.820913,江東区登録文化財
403,石造燈籠　大正６年在銘　一対,東京都江東区亀戸3-38-35,(03)3681-3042,35.706504,139.820913,江東区登録文化財
404,石造燈籠　明治33年在銘,東京都江東区亀戸3-38-35,(03)3681-3042,35.706504,139.820913,江東区登録文化財
405,石造鳥居　明治45年在銘,東京都江東区亀戸3-38-35,(03)3681-3042,35.706504,139.820913,江東区登録文化財
406,石造燈籠　昭和８年在銘　一対,東京都江東区亀戸3-38-35,(03)3681-3042,35.706504,139.820913,江東区登録文化財
407,石造鳥居　昭和５年在銘,東京都江東区亀戸3-38-35,(03)3681-3042,35.706504,139.820913,江東区登録文化財
408,石造燈籠　溝口宣広奉納寛永寺旧蔵,東京都江東区亀戸3-42-1,,35.704178,139.822582,江東区登録文化財
409,石造宝篋印塔　寛永５年在銘,東京都江東区亀戸3-42-1,,35.704178,139.822582,江東区登録文化財
410,石造五輪塔　寛永２年在銘,東京都江東区亀戸3-43-3,,35.703512,139.822503,江東区登録文化財
411,石造宝篋印塔　天明８年在銘,東京都江東区亀戸3-43-3,,35.703512,139.822503,江東区登録文化財
412,石造宝篋印塔　寛永５年在銘,東京都江東区亀戸3-56-14,(03)3644-3043,35.704851,139.825385,江東区登録文化財
413,石造五輪塔　寛永14年在銘,東京都江東区亀戸3-56-14,(03)3644-3043,35.704851,139.825385,江東区登録文化財
414,石造燈籠　明治28年在銘　一対,東京都江東区亀戸3-57-22,(03)3684-2813,35.704295,139.825214,江東区登録文化財
415,石造燈籠　寛政６年在銘,東京都江東区亀戸3-57-22,(03)3684-2813,35.704295,139.825214,江東区登録文化財
416,石造燈籠　金森頼時奉納寛永寺旧蔵,東京都江東区亀戸4-24-1,(03)3681-8213,35.703227,139.826243,江東区登録文化財
417,石造五輪塔　天保10年在銘,東京都江東区亀戸4-24-1,(03)3681-8213,35.703227,139.826243,江東区登録文化財
418,石造宝篋印塔　弘法大師千五十年忌,東京都江東区亀戸4-24-1,(03)3681-8213,35.703227,139.826243,江東区登録文化財
419,石造五輪塔　元禄13年在銘,東京都江東区亀戸4-24-1,(03)3681-8213,35.703227,139.826243,江東区登録文化財
420,石造宝篋印塔　文化元年在銘,東京都江東区亀戸4-35-12,(03)3681-9757,35.702061,139.827409,江東区登録文化財
421,石造燈籠　寛文13年在銘,東京都江東区亀戸4-48-3　　,(03)3681-7023,35.702669,139.830506,江東区登録文化財
422,石造宝篋印塔　永享７年在銘,東京都江東区亀戸6-35-23,,35.694477,139.830385,江東区登録文化財
423,石造燈籠　明暦２年在銘,東京都江東区亀戸6-35-23,,35.694477,139.830385,江東区登録文化財
424,石造燈籠　文政11年在銘,東京都江東区亀戸6-35-23,,35.694477,139.830385,江東区登録文化財
425,石造燈籠　二十六夜同行奉納　一対,東京都江東区亀戸9-15-7,(03)3682-1581,35.695771,139.844565,江東区登録文化財
426,石造鳥居　大正７年在銘,東京都江東区亀戸9-15-7,(03)3682-1581,35.695771,139.844565,江東区登録文化財
427,石造鳥居　大正７年在銘,東京都江東区亀戸9-15-7,(03)3682-1581,35.695771,139.844565,江東区登録文化財
428,石造燈籠　大正８年在銘　一対,東京都江東区亀戸9-15-7,(03)3682-1581,35.695771,139.844565,江東区登録文化財
429,浅間神社社殿,東京都江東区亀戸9-15-7,(03)3682-1581,35.695771,139.844565,江東区登録文化財
430,石造鳥居　六之橋若者中奉納,東京都江東区亀戸9-15-7,(03)3682-1581,35.695771,139.844565,江東区登録文化財
431,石造燈籠　井伊直武奉納寛永寺旧蔵,東京都江東区大島3-1-8,,35.689608,139.826664,江東区登録文化財
432,石造鳥居　明治40年在銘,東京都江東区大島3-31-15,,35.689646,139.831112,江東区登録文化財
433,石造鳥居　明治21年在銘,東京都江東区大島4-19　,,35.686609,139.832373,江東区登録文化財
434,石造鳥居　明治25年在銘,東京都江東区大島5-39-26,(03)3684-4749,35.686392,139.836618,江東区登録文化財
435,石造燈籠　大正８年在銘　一対,東京都江東区大島5-39-26,(03)3684-4749,35.686392,139.836618,江東区登録文化財
436,石造鳥居　明治41年在銘,東京都江東区大島7-24-1,(03)3681-7058,35.690871,139.840979,江東区登録文化財
437,石造鳥居　明治41年在銘,東京都江東区大島7-24-1,(03)3681-7058,35.690871,139.840979,江東区登録文化財
438,石造鳥居　大正４年在銘,東京都江東区大島7-24-1,(03)3681-7058,35.690871,139.840979,江東区登録文化財
439,石造燈籠　昭和12年在銘　一対,東京都江東区大島7-24-1,(03)3681-7058,35.690871,139.840979,江東区登録文化財
440,石造燈籠　明治39年在銘　一対,東京都江東区北砂2-1-37　　　　　　,(03)3644-1445,35.677564,139.826635,江東区登録文化財
441,石造鳥居　昭和３年在銘,東京都江東区北砂2-1-37　　　　　　,(03)3644-1445,35.677564,139.826635,江東区登録文化財
442,石造鳥居　明治14年在銘,東京都江東区北砂3-21-11,,35.681664,139.830605,江東区登録文化財
443,石造燈籠　本庄資承奉納寛永寺旧蔵,東京都江東区北砂4-22-6　,(03)3644-6974,35.679198,139.831908,江東区登録文化財
444,石造燈籠　仙石久道奉納寛永寺旧蔵,東京都江東区北砂4-22-6　,(03)3644-6974,35.679198,139.831908,江東区登録文化財
445,石造宝篋印塔　元文４年在銘,東京都江東区北砂4-22-6　,(03)3644-6974,35.679198,139.831908,江東区登録文化財
446,石造燈籠　明治41年在銘　一対,東京都江東区北砂6-12　　　,,35.683567,139.836259,江東区登録文化財
447,石造鳥居　明治14年在銘,東京都江東区東砂2-3-2,,35.683519,35.683519,江東区登録文化財
448,石造燈籠　昭和4年在銘　一対,東京都江東区東砂3-17-17,,35.681494,139.841778,江東区登録文化財
449,旧大石家住宅,東京都江東区南砂5-24地先　仙台堀川公園内,(03)3647-9819,35.674424,139.835955,江東区指定文化財
450,石造燈籠　堀田正順奉納　一対,東京都江東区南砂7-14-18,(03)3647-9472,139.837599,139.837599,江東区登録文化財
451,石造鳥居　万延２年在銘,東京都江東区南砂7-14-18,(03)3647-9472,139.837599,139.837599,江東区登録文化財
452,石造燈籠　明治34年在銘　一対,東京都江東区南砂7-14-18,(03)3647-9472,139.837599,139.837599,江東区登録文化財
453,石造燈籠　昭和13年在銘　一対,東京都江東区南砂7-14-18,(03)3647-9472,139.837599,139.837599,江東区登録文化財
454,石造燈籠　昭和17年在銘　一対,東京都江東区南砂7-14-18,(03)3647-9472,139.837599,139.837599,江東区登録文化財
455,絹本着色釈迦十六善神像,東京都江東区森下2-22-9　,(03)3631-9063,35.688665,139.798816,江東区指定文化財
456,絹本墨画淡彩虎十二態図　岸駒筆　4曲1隻・6曲1隻・軸2幅　附　木箱1合,東京都江東区森下2-22-9,(03)3631-9063,35.688665,139.798816,江東区登録文化財
457,紙本墨画大黒天像,東京都江東区平野1-13-6,(03)3641-0491,35.678578,139.800937,江東区登録文化財
458,絹本着色出山釈迦図　附下絵1幅,東京都江東区平野1-14-6,,35.679318,139.799732,江東区登録文化財
459,絹本着色阿弥陀三尊来迎図,東京都江東区三好3-7-5,,35.680536,139.804301,江東区登録文化財
460,紙本着色仏涅槃図,東京都江東区三好3-7-5,,35.680536,139.804301,江東区登録文化財
461,紙本着色雄誉霊巖上人像,東京都江東区白河1-1-8,,35.681011,139.799252,江東区指定文化財
462,絹本着色当麻曼荼羅図,東京都江東区深川2-16-7,(03)3641-2566,35.675974,139.796779,江東区登録文化財
463,絹本着色毘沙門天像　附木箱1合,東京都江東区深川2-19-13,,35.677014,139.797507,江東区指定文化財
464,絹本着色不動明王二童子像,東京都江東区深川2-19-13,,35.677014,139.797507,江東区登録文化財
465,紙本墨画達磨像,東京都江東区深川2-22-11,(03)3641-6832,35.676873,139.799094,江東区登録文化財
466,絹本着色地蔵菩薩半跏像,東京都江東区富岡1-15-1　　,,35.672013,139.798061,江東区指定文化財
467,絹本着色宝冠阿弥陀如来坐像,東京都江東区富岡1-15-1　　,,35.672013,139.798061,江東区登録文化財
468,絹本着色束帯天神像,東京都江東区亀戸3-6-1,(03)3681-0010,35.702666,139.820838,東京都指定文化財
469,絹本着色釈迦十六善神図　狩野永鐡筆　附桐箱1合,東京都江東区亀戸3-10-2,,35.703158,139.819634,江東区登録文化財
470,紙本淡彩道祖神祭図　歌川広重筆,東京都江東区亀戸3-57-22,(03)3684-2813,35.704295,139.825214,江東区指定文化財
471,三十六歌仙図屏風,東京都江東区亀戸3,,,,江東区登録文化財
472,紙本墨画竹図　佐竹義和筆,東京都江東区亀戸3,,,,江東区登録文化財
473,絹本着色親鸞上人坐像,東京都江東区亀戸5-31-8,,35.698503,139.829894,江東区登録文化財
474,紙本着色阿弥陀二十五菩薩来迎図　元禄8年裏貼書　附明和5年得誉祐全極状1通,東京都江東区亀戸9,,,,江東区指定文化財
475,紙本版刷着色阿弥陀二十五菩薩来迎図,東京都江東区亀戸9,,,,江東区登録文化財
476,紙本墨画西誉蓮入像,東京都江東区北砂4-22-6,(03)3644-6974,35.679198,139.831908,江東区登録文化財
477,木造阿弥陀如来坐像,東京都江東区清澄3-4-11,,35.681738,139.798363,江東区登録文化財
478,木造阿弥陀三尊像,東京都江東区清澄3-4-22,,35.681311,139.798016,江東区登録文化財
479,石造迦楼羅立像,東京都江東区清澄3-4-23,,35.681383,139.797588,江東区登録文化財
480,木造阿弥陀如来立像,東京都江東区清澄3-4-23,,35.681383,139.797588,江東区登録文化財
481,石造神狐像　一対,東京都江東区新大橋3-1-4,,35.686457,139.795331,江東区登録文化財
482,木造神像　3躯,東京都江東区森下1-3-17,(03)3631-5548,35.686682,139.797309,江東区登録文化財
483,木造日蓮上人坐像,東京都江東区平野1-13-6,(03)3641-0491,35.678578,139.800937,江東区登録文化財
484,木造日蓮上人坐像,東京都江東区平野1-14-7,,35.679086,139.800076,江東区登録文化財
485,木造日蓮上人坐像,東京都江東区平野1-14-10,(03)3641-7100,35.679017,139.800243,江東区登録文化財
486,木造日蓮上人坐像,東京都江東区平野2-4-25,(03)3641-3390,35.678433,139.801951,江東区登録文化財
487,木造六老僧像　6躯,東京都江東区平野2-4-25,(03)3641-3390,35.678433,139.801951,江東区登録文化財
488,木造日朝上人坐像,東京都江東区平野2-4-25,(03)3641-3390,35.678433,139.801951,江東区登録文化財
489,木造鬼子母神立像,東京都江東区平野2-4-25,(03)3641-3390,35.678433,139.801951,江東区登録文化財
490,木造三宝本尊像,東京都江東区平野2-4-25,(03)3641-3390,35.678433,139.801951,江東区登録文化財
491,木造四菩薩像　4躯,東京都江東区平野2-4-25,(03)3641-3390,35.678433,139.801951,江東区登録文化財
492,木造四天王像　2躯,東京都江東区平野2-4-25,(03)3641-3390,35.678433,139.801951,江東区登録文化財
493,木造文殊・普賢菩薩坐像　2躯,東京都江東区平野2-4-25,(03)3641-3390,35.678433,139.801951,江東区登録文化財
494,木造阿弥陀如来坐像,東京都江東区三好1-2-8,,35.679741,139.800038,江東区登録文化財
495,木造阿弥陀如来立像,東京都江東区三好1-2-8,,35.679741,139.800038,江東区登録文化財
496,木造三宝本尊像,東京都江東区三好1-2-11,(03)3641-9491,35.679497,139.799996,江東区登録文化財
497,木造阿弥陀如来坐像,東京都江東区三好1-3-3,,35.679714,139.800404,江東区登録文化財
498,木造三宝本尊像,東京都江東区三好1-3-18,,35.679236,139.800489,江東区登録文化財
499,木造日蓮上人坐像,東京都江東区三好1-3-18,,35.679236,139.800489,江東区登録文化財
500,木造日蓮上人坐像,東京都江東区三好1-3-18,,35.679236,139.800489,江東区登録文化財
501,厨子入木造鬼子母神立像,東京都江東区三好1-3-18,,35.679236,139.800489,江東区登録文化財
502,厨子入木造日蓮上人坐像,東京都江東区三好1-3-18,,35.679236,139.800489,江東区登録文化財
503,木造勢至菩薩坐像,東京都江東区三好1-4-5,,35.679475,139.800796,江東区指定文化財
504,木造阿弥陀三尊像,東京都江東区三好1-4-5,,35.679475,139.800796,江東区登録文化財
505,木造阿弥陀如来立像,東京都江東区三好1-4-14,,35.679886,139.800985,江東区登録文化財
506,木造阿弥陀如来坐像,東京都江東区三好1-4-14,,35.679886,139.800985,江東区登録文化財
507,木造地蔵菩薩立像,東京都江東区三好1-4-14,,35.679886,139.800985,江東区登録文化財
508,厨子入木造阿弥陀三尊像　附厨子入位碑,東京都江東区三好1-5-12,,35.680431,139.801021,江東区登録文化財
509,木造不動明王立像,東京都江東区三好1-6-3　 ,(03)3641-5848,35.680705,139.800321,江東区登録文化財
510,木造阿弥陀如来立像,東京都江東区三好1-6-3　 ,(03)3641-5848,35.680705,139.800321,江東区指定文化財
511,木造伝閻魔倚像,東京都江東区三好1-7-7,,35.680547,139.799813,江東区登録文化財
512,木造菩薩立像,東京都江東区三好1-7-7,,35.680547,139.799813,江東区登録文化財
513,木造阿弥陀如来立像,東京都江東区三好1-7-7,,35.680547,139.799813,江東区登録文化財
514,厨子入木造薬師如来立像,東京都江東区三好1-7-7,,35.680547,139.799813,江東区登録文化財
515,木造阿弥陀如来坐像,東京都江東区三好2-7-2,,35.679958,139.803315,江東区登録文化財
516,木造阿弥陀如来坐像,東京都江東区三好2-10-4,,35.680109,139.801486,江東区登録文化財
517,木造如来坐像,東京都江東区三好2-10-4,,35.680109,139.801486,江東区登録文化財
518,木造阿弥陀如来立像,東京都江東区三好2-11-14,,35.680441,139.801365,江東区登録文化財
519,厨子入木造菩薩立像,東京都江東区三好2-11-14,,35.680441,139.801365,江東区登録文化財
520,厨子入木造観音菩薩立像,東京都江東区三好2-11-14,,35.680441,139.801365,江東区登録文化財
521,木造阿弥陀如来坐像,東京都江東区三好2-16-7,,35.680844,139.802654,江東区登録文化財
522,木造阿弥陀三尊像,東京都江東区三好2-17-13,,35.680964,139.803612,江東区登録文化財
523,木造阿弥陀如来立像,東京都江東区三好2-17-14,(03)3641-0591,35.680513,139.803357,江東区登録文化財
524,木造阿弥陀如来坐像,東京都江東区三好2-17-14,(03)3641-0591,35.680513,139.803357,江東区登録文化財
525,木造阿弥陀三尊及び諸尊像,東京都江東区三好2-17-14,(03)3641-0591,35.680513,139.803357,江東区登録文化財
526,木造阿弥陀三尊像,東京都江東区三好2-17-14,(03)3641-0591,35.680513,139.803357,江東区登録文化財
527,銅造地蔵菩薩半跏像,東京都江東区三好2-17-14,(03)3641-0591,35.680513,139.803357,江東区登録文化財
528,木造阿弥陀如来坐像,東京都江東区三好3-7-5,,35.680536,139.804301,江東区登録文化財
529,木造阿弥陀如来立像,東京都江東区三好3-7-5,,35.680536,139.804301,江東区登録文化財
530,銅造阿弥陀如来立像,東京都江東区白河1-1-8 ,,35.681011,139.799252,江東区登録文化財
531,木造雄誉霊巖上人坐像,東京都江東区白河1-1-8 ,,35.681011,139.799252,江東区登録文化財
532,銅造地蔵菩薩坐像（江戸六地蔵の１）,東京都江東区白河1-3-32 ,(03)3641-1523 ,35.680812,139.799953,東京都指定文化財
533,木造阿弥陀如来坐像,東京都江東区白河1-3-32 ,(03)3641-1523 ,35.680812,139.799953,江東区登録文化財
534,木造阿弥陀如来坐像,東京都江東区永代1-8-8,(03)3641-1842,35.674289,139.789584,江東区登録文化財
535,木造阿弥陀如来坐像,東京都江東区永代1-8-8,(03)3641-1842,35.674289,139.789584,江東区登録文化財
536,石造釈迦如来坐像,東京都江東区永代1-8-8,(03)3641-1842,35.674289,139.789584,江東区登録文化財
537,石造神狐象　昭和６年在銘　一対,東京都江東区永代2-37　,,35.674928,139.792401,江東区登録文化財
538,木造阿弥陀三尊像,東京都江東区深川2-15-20 ,,35.675496,139.797474,江東区登録文化財
539,石造地蔵菩薩立像（影窓院地蔵）,東京都江東区深川2-16-7 ,(03)3641-2566,35.675974,139.796779,江東区登録文化財
540,木造阿弥陀如来立像,東京都江東区深川2-16-7 ,(03)3641-2566,35.675974,139.796779,江東区登録文化財
541,銅造阿弥陀如来坐像,東京都江東区深川2-16-7 ,(03)3641-2566,35.675974,139.796779,江東区登録文化財
542,木造観音・勢至菩薩立像,東京都江東区深川2-16-7 ,(03)3641-2566,35.675974,139.796779,江東区登録文化財
543,木造十一面観音坐像,東京都江東区深川2-16-27,(03)3641-1580,35.675272,139.796474,江東区登録文化財
544,木造阿弥陀如来立像,東京都江東区深川2-16-27,(03)3641-1580,35.675272,139.796474,江東区登録文化財
545,木造地蔵菩薩立像,東京都江東区深川2-16-27,(03)3641-1580,35.675272,139.796474,江東区登録文化財
546,木造天部立像,東京都江東区深川2-16-27,(03)3641-1580,35.675272,139.796474,江東区登録文化財
547,木造地蔵菩薩立像,東京都江東区深川2-19-13,,35.677014,139.797507,江東区登録文化財
548,木造如来立像,東京都江東区深川2-19-13,,35.677014,139.797507,江東区登録文化財
549,木造菩薩立像,東京都江東区深川2-19-13,,35.677014,139.797507,江東区登録文化財
550,木造観音・勢至菩薩立像,東京都江東区深川2-19-13,,35.677014,139.797507,江東区登録文化財
551,木造観音菩薩立像,東京都江東区深川2-19-13,,35.677014,139.797507,江東区登録文化財
552,木造如来立像,東京都江東区深川2-19-13,,35.677014,139.797507,江東区登録文化財
553,木造如来立像,東京都江東区深川2-19-13,,35.677014,139.797507,江東区登録文化財
554,木造阿弥陀如来立像,東京都江東区深川2-19-13,,35.677014,139.797507,江東区登録文化財
555,銅造如来立像,東京都江東区深川2-19-13,,35.677014,139.797507,江東区登録文化財
556,木造阿弥陀如来立像,東京都江東区深川2-19-13,,35.677014,139.797507,江東区登録文化財
557,木造不動明王立像,東京都江東区深川2-19-13,,35.677014,139.797507,江東区登録文化財
558,銅造阿弥陀如来坐像,東京都江東区深川2-19-13,,35.677014,139.797507,江東区登録文化財
559,木造釈迦如来坐像,東京都江東区深川2-19-13,,35.677014,139.797507,江東区登録文化財
560,木造観音菩薩立像,東京都江東区深川2-19-13,,35.677014,139.797507,江東区登録文化財
561,木造法然上人・善導大師坐像,東京都江東区深川2-22-5　　　　,,35.677186,139.798643,江東区登録文化財
562,木造四天王立像,東京都江東区深川2-22-5　　　　,,35.677186,139.798643,江東区登録文化財
563,木造阿弥陀如来坐像,東京都江東区深川2-22-5　　　　,,35.677186,139.798643,江東区登録文化財
564,石造狛犬　一対,東京都江東区冬木22-31,(03)3641-9051,35.675396,139.800119,江東区登録文化財
565,木造弘法大師坐像,東京都江東区富岡1-15-1,,35.672013,139.798061,江東区登録文化財
566,木造不動明王坐像　付二童子像,東京都江東区富岡1-17-13,(03)3641-8288,35.672853,139.798368,江東区登録文化財
567,木造五大明王像　4躯,東京都江東区富岡1-17-13,(03)3641-8288,35.672853,139.798368,江東区登録文化財
568,銅造二童子像,東京都江東区富岡1-17-13,(03)3641-8288,35.672853,139.798368,江東区登録文化財
569,銅造倶利迦羅剣・二童子像　明治20年在銘,東京都江東区富岡1-17-13,(03)3641-8288,35.672853,139.798368,江東区登録文化財
570,銅造不動慧童子立像,東京都江東区富岡1-17-13,(03)3641-8288,35.672853,139.798368,江東区登録文化財
571,石造狛犬　江川場売手中奉納　一対,東京都江東区富岡1-20-3,(03)3642-1315,35.671958,139.799609,江東区登録文化財
572,石造狛犬　海辺大工町奉納　一対,東京都江東区富岡1-20-3,(03)3642-1315,35.671958,139.799609,江東区登録文化財
573,石造狛犬　御作事方奉納　一対,東京都江東区富岡1-20-3,(03)3642-1315,35.671958,139.799609,江東区登録文化財
574,石造狛犬　大正10年在銘　一対,東京都江東区富岡1-20-3,(03)3642-1315,35.671958,139.799609,江東区登録文化財
575,石造狛犬　一対,東京都江東区富岡1-20-3,(03)3642-1315,35.671958,139.799609,江東区登録文化財
576,木造阿弥陀如来立像,東京都江東区千田9-7　　,(03)3644-3043,35.681637,139.814983,江東区登録文化財
577,石造狛犬　昭和６年在銘　一対,東京都江東区猿江2-2-17,(03)3631-2516,35.685871,139.814147,江東区登録文化財
578,石造地蔵菩薩坐像,東京都江東区猿江2-16,,35.686327,139.820253,江東区登録文化財
579,石造狛犬　大正13年在銘　一対,東京都江東区木場1-5　,,35.668001,139.803032,江東区登録文化財
580,木造随神倚像　2躯,東京都江東区木場2-18-12,,35.669951,139.804783,江東区登録文化財
581,石造狛犬　一対,東京都江東区木場2-18-12,,35.669951,139.804783,江東区登録文化財
582,木造聖観音菩薩坐像,東京都江東区亀戸3-10-2,,35.703158,139.819634,江東区登録文化財
583,厨子入木造聖観音菩薩坐像,東京都江東区亀戸3-10-2,,35.703158,139.819634,江東区登録文化財
584,厨子入木造地蔵三尊像,東京都江東区亀戸3-10-2,,35.703158,139.819634,江東区登録文化財
585,木造聖観音菩薩立像,東京都江東区亀戸3-34-2,(03)3681-2620,35.705622,139.819415,江東区指定文化財
586,石造狛犬　昭和５年在銘　一対,東京都江東区亀戸3-38-35,(03)3681-3042,35.706504,139.820913,江東区登録文化財
587,木造阿弥陀如来坐像,東京都江東区亀戸3-42-1,,35.704178,139.822582,江東区登録文化財
588,木造十一面観音立像　2躯,東京都江東区亀戸3-42-1,,35.704178,139.822582,江東区登録文化財
589,石造狛犬　寛政７年在銘　一対,東京都江東区亀戸3-57-22,(03)3684-2813,35.704295,139.825214,江東区登録文化財
590,木造八幡神像,東京都江東区亀戸3-57-22,(03)3684-2813,35.704295,139.825214,江東区登録文化財
591,木造阿弥陀三尊像,東京都江東区亀戸4-17-11,,35.701266,139.826802,江東区登録文化財
592,木造阿弥陀三尊像,東京都江東区亀戸4-17-11,,35.701266,139.826802,江東区登録文化財
593,木造阿弥陀如来立像,東京都江東区亀戸4-17-11,,35.701266,139.826802,江東区登録文化財
594,木造地蔵菩薩坐像,東京都江東区亀戸4-17-11,,35.701266,139.826802,江東区登録文化財
595,木造薬師如来坐像,東京都江東区亀戸4-17-11,,35.701266,139.826802,江東区登録文化財
596,厨子入木造不動三尊像,東京都江東区亀戸4-24-1,(03)3681-8213,35.703227,139.826243,江東区登録文化財
597,木造虚空蔵菩薩坐像,東京都江東区亀戸4-35-12,(03)3681-9757,35.702061,139.827409,江東区登録文化財
598,木造不動三尊像,東京都江東区亀戸4-35-12,(03)3681-9757,35.702061,139.827409,江東区登録文化財
599,木造阿弥陀如来坐像,東京都江東区亀戸4-48-3,(03)3681-7023,35.702669,139.830506,江東区登録文化財
600,木造釈迦如来坐像,東京都江東区亀戸4-48-3,(03)3681-7023,35.702669,139.830506,江東区登録文化財
601,木造阿弥陀如来立像,東京都江東区亀戸5-31-8,,35.698503,139.829894,江東区登録文化財
602,木造阿弥陀如来立像,東京都江東区亀戸5-31-8,,35.698503,139.829894,江東区登録文化財
603,木造親鸞上人坐像,東京都江東区亀戸5-31-8,,35.698503,139.829894,江東区登録文化財
604,木造観音・勢至菩薩立像　2躯,東京都江東区亀戸5-31-8,,35.698503,139.829894,江東区登録文化財
605,木造阿弥陀三尊像,東京都江東区亀戸6-35-23,,35.694477,139.830385,江東区登録文化財
606,木造神像,東京都江東区亀戸9-15-7,(03)3682-1581,35.695771,139.844565,江東区登録文化財
607,木造千手観音菩薩坐像,東京都江東区大島3-1-8,,35.689608,139.826664,江東区登録文化財
608,木造毘沙門天立像,東京都江東区大島3-1-8,,35.689608,139.826664,江東区登録文化財
609,木造阿弥陀如来立像,東京都江東区大島4-14-7,,35.688027,139.831174,江東区登録文化財
610,石造狛犬　一対,東京都江東区大島5-39-26,(03)3684-4749,35.686392,139.836618,江東区登録文化財
611,木造大日如来坐像,東京都江東区大島8-38-32,(03)3681-8848,35.687008,139.842813,江東区登録文化財
612,木造日蓮上人坐像,東京都江東区北砂2-1-40,,35.678253,139.826474,江東区登録文化財
613,木造弘法大師坐像,東京都江東区北砂4-22-6,(03)3644-6974,35.679198,139.831908,江東区登録文化財
614,石造神狐像　寺田三郎奉納　一対,東京都江東区北砂6-12　,,35.683567,139.836259,江東区登録文化財
615,木造三宝本尊像,東京都江東区東砂1-4-6,(03)3644-7835,35.683128,139.840652,江東区登録文化財
616,木造阿弥陀如来立像　附体内納入品4点,東京都江東区東砂1-4-10,(03)3644-0986,35.682478,139.840813,江東区指定文化財
617,木造親鸞上人坐像,東京都江東区東砂1-4-10,(03)3644-0986,35.682478,139.840813,江東区登録文化財
618,石造狛犬　明治38年在銘　一対,東京都江東区東砂6-13-4,,35.673175,139.840955,江東区登録文化財
619,石造神狐像　一対,東京都江東区東砂6-13-4,,35.673175,139.840955,江東区登録文化財
620,石造馬頭観音坐像,東京都江東区南砂4-15-20,,35.672773,139.830761,江東区登録文化財
621,木造阿弥陀如来立像,東京都江東区南砂5,,,,江東区登録文化財
622,石造狛犬　享和元年在銘　一対,東京都江東区南砂7-14-18,(03)3647-9472,139.837599,139.837599,江東区登録文化財
623,銅造梵鐘　鈴木好鉑作,東京都江東区平野2-4-25,(03)3641-3390,35.678433,139.801951,江東区登録文化財
624,銅製きん子　天保11年在銘,東京都江東区三好1-3-18,,35.679236,139.800489,江東区登録文化財
625,銅製双盤　宝永４年在銘,東京都江東区三好1-6-3　 ,(03)3641-5848,35.680705,139.800321,江東区登録文化財
626,鉄造天水桶　釜六太田正次作,東京都江東区三好2-16-7,,35.680844,139.802654,江東区登録文化財
627,銅製伏鉦　西村宗春作,東京都江東区白河1-1-8,,35.681011,139.799252,江東区登録文化財
628,銅製伏鉦　出羽大掾宗味作,東京都江東区白河1-3-32,(03)3641-1523 ,35.680812,139.799953,江東区登録文化財
629,銅製伏鉦　西村和泉守作,東京都江東区深川2-15-20,,35.675496,139.797474,江東区登録文化財
630,銅製伏鉦　宝暦７年在銘,東京都江東区深川2-16-7,(03)3641-2566,35.675974,139.796779,江東区登録文化財
631,銅鐘　宝暦３年在銘,東京都江東区深川2-16-7　,(03)3641-2566,35.675974,139.796779,江東区登録文化財
632,銅製きん子　明和６年在銘,東京都江東区深川2-16-27　,(03)3641-1580,35.675272,139.796474,江東区登録文化財
633,銅製きん子　明治44年在銘,東京都江東区深川2-16-27　,(03)3641-1580,35.675272,139.796474,江東区登録文化財
634,銅製宝来柄鏡　村田美濃守作,東京都江東区深川2-16-27　,(03)3641-1580,35.675272,139.796474,江東区登録文化財
635,銅製きん子　寛政10年在銘,東京都江東区深川2-19-13,,35.677014,139.797507,江東区登録文化財
636,銅製きん子　正徳２年在銘,東京都江東区深川2-19-13,,35.677014,139.797507,江東区登録文化財
637,銅製伏鉦　天保８年在銘,東京都江東区深川2-22-5   ,,35.677186,139.798643,江東区登録文化財
638,銅造釣燈籠　元禄11年在銘,東京都江東区富岡1-15-1,,35.672013,139.798061,江東区登録文化財
639,銅造水盤　太田正義作,東京都江東区富岡1-20-3,(03)3642-1315,35.671958,139.799609,江東区指定文化財
640,銅造天水桶　銅屋元次郎作　一対,東京都江東区木場2-18-12,,35.669951,139.804783,江東区登録文化財
641,木造燈明台　文化15年在銘　一対,東京都江東区木場2-18-12,,35.669951,139.804783,江東区登録文化財
642,木造三宝　寛政７年在銘,東京都江東区木場2-18-12,,35.669951,139.804783,江東区登録文化財
643,鉄造天水桶　増田栄相作　一対,東京都江東区亀戸3-6-1,(03)3681-0010,35.702666,139.820838,江東区登録文化財
644,銅鐘　大正２年在銘,東京都江東区亀戸3-10-2,,35.703158,139.819634,江東区登録文化財
645,銅鏡　重定作,東京都江東区亀戸3-57-22,(03)3684-2813,35.704295,139.825214,江東区登録文化財
646,銅製柄鏡　余廣作,東京都江東区亀戸3-57-22,(03)3684-2813,35.704295,139.825214,江東区登録文化財
647,神輿,東京都江東区亀戸3-57-22,(03)3684-2813,35.704295,139.825214,江東区登録文化財
648,神輿,東京都江東区亀戸3-57-22,(03)3684-2813,35.704295,139.825214,江東区登録文化財
649,神輿,東京都江東区亀戸9-15-7,(03)3682-1581,35.695771,139.844565,江東区登録文化財
650,銅造梵鐘　大出和四郎・藤原治具作,東京都江東区北砂2-1-40,,35.678253,139.826474,江東区登録文化財
651,銅造梵鐘　大川由茂作,東京都江東区北砂4-22-6,(03)3644-6974,35.679198,139.831908,江東区登録文化財
652,銅製伏鉦　西村和泉守作,東京都江東区東砂4-3,,35.676924,139.837675,江東区登録文化財
653,神輿　八吉作　附木札1枚,東京都江東区南砂7-14-18,(03)3647-9472,139.837599,139.837599,江東区登録文化財
654,三井親和墨蹟,東京都江東区深川2-19-13,,35.677014,139.797507,江東区登録文化財
655,三井親和墨蹟,東京都江東区深川2-19-13,,35.677014,139.797507,江東区登録文化財
656,十九執金剛秘釋私記　永禄元年専宗筆,東京都江東区富岡1-15-1　　,,35.672013,139.798061,江東区登録文化財
657,盂蘭盆会祭文,東京都江東区白河1-1-8,,35.681011,139.799252,江東区登録文化財
658,雄松院文書　雄誉霊巖璽書２巻　附桐箱１合,東京都江東区白河1-1-8,,35.681011,139.799252,江東区登録文化財
659,玄信寺興誉法名授与状,東京都江東区深川2-15-20,,35.675496,139.797474,江東区登録文化財
660,東都三十三間堂旧記,東京都江東区深川2-22-5,,35.677186,139.798643,江東区指定文化財
661,前原家文書（海苔養殖関係）　9点,東京都江東区牡丹1　,,,,江東区指定文化財
662,渋沢栄一書簡,東京都江東区木場6,,,,江東区登録文化財
663,慶応２年７月　白河藩領百姓駕篭訴状,東京都江東区東陽1,,,,江東区登録文化財
664,庄司家所蔵文書　23点　附木箱１合,東京都江東区東陽1,,,,江東区登録文化財
665,富山藩家老近藤家文書　2170点,東京都江東区東陽4-11-28,(03)3647-9819,35.672793,139.817322,江東区登録文化財
666,伊達綱村書状　2点,東京都江東区東陽4-11-28,(03)3647-9819,35.672793,139.817322,江東区登録文化財
667,森家文書　277点,東京都江東区東陽4-11-28,(03)3647-9819,35.672793,139.817322,江東区登録文化財
668,宇田川家文書　427点,東京都江東区東陽4-11-28,(03)3647-9819,35.672793,139.817322,江東区登録文化財
669,牧野家文書　 322点,東京都江東区亀戸9　,,,,江東区指定文化財
670,西誉蓮入法師入定縁起,東京都江東区北砂4-22-6,(03)3644-6974,35.679198,139.831908,江東区登録文化財
671,斎藤家文書　4点,東京都江東区東砂2　,,,,江東区登録文化財
672,砂村稲荷神社関係文書　13点,東京都江東区南砂7　,,,,江東区登録文化財
673,土錘　6個,東京都江東区亀戸3-57-22,(03)3684-2813,35.704295,139.825214,江東区登録文化財
674,フレットミル粉砕機ローラー,東京都江東区清澄1-2-8,,35.680513,139.792741,江東区登録文化財
675,コンクリート方塊,東京都江東区清澄1-2-8,,35.680513,139.792741,江東区登録文化財
676,芭蕉句碑　其角堂永湖書,東京都江東区清澄3-3-9,(03)3641-5892,35.680699,139.797736,江東区登録文化財
677,清澄園記碑,東京都江東区清澄3-3-9　　　　　　　　　　　　　　　　,(03)3641-5892,35.680699,139.797736,江東区登録文化財
678,玄武仏碑,東京都江東区清澄3-4-6,(03)3641-1968,35.681799,139.797725,江東区登録文化財
679,放火禁止定高札,東京都江東区清澄3-4-11　,,35.681738,139.798363,江東区登録文化財
680,油谷倭文子墓碑　賀茂真淵誌,東京都江東区清澄3-4-22,,35.681311,139.798016,江東区登録文化財
681,芭蕉記念館所蔵資料　 874件,東京都江東区常盤1-6-3　,(03)3631-1448,35.686127,139.794056,江東区登録文化財
682,新大橋橋名板　3点　附架橋工事技師在銘板,東京都江東区新大橋3-1-15,(03)3631-2260,35.686829,139.795375,江東区登録文化財
683,筆塚,東京都江東区森下1-3-17,(03)3631-5548,35.686682,139.797309,江東区登録文化財
684,明治19年修繕棟札　附内陣修繕産子総代他書上板,東京都江東区森下1-3-17,(03)3631-5548,35.686682,139.797309,江東区登録文化財
685,芭蕉翁句塚碑拓本,東京都江東区森下2-22-9,(03)3631-9063,35.688665,139.798816,江東区登録文化財
686,題目曼荼羅　日薩書,東京都江東区平野1-14-7,,35.679086,139.800076,江東区登録文化財
687,題目曼荼羅　日厳書,東京都江東区平野1-14-7,,35.679086,139.800076,江東区登録文化財
688,題目曼荼羅　日亨書,東京都江東区平野1-14-10,(03)3641-7100,35.679017,139.800243,江東区登録文化財
689,梅玉之碑,東京都江東区平野2-4-25,(03)3641-3390,35.678433,139.801951,江東区登録文化財
690,宝篋印塔（残欠）　寛永11年在銘,東京都江東区平野2-4-25,(03)3641-3390,35.678433,139.801951,江東区登録文化財
691,閻浮提図　附日宮図　存統書（版摺）,東京都江東区三好1-3-3　,,35.679714,139.800404,江東区登録文化財
692,世界大相図　存統書（版摺）,東京都江東区三好1-3-3　,,35.679714,139.800404,江東区登録文化財
693,天竺輿地図　存統書（版摺）,東京都江東区三好1-3-3　,,35.679714,139.800404,江東区登録文化財
694,桜井山興墓碑,東京都江東区三好1-3,,,,江東区登録文化財
695,六字名号供養塔　伝霊巖書,東京都江東区三好1-4-5 ,,35.679475,139.800796,江東区登録文化財
696,一夜軒秋月歌碑,東京都江東区三好1-6-3 ,(03)3641-5848,35.680705,139.800321,江東区登録文化財
697,六字名号供養塔　祐天書,東京都江東区三好2-17-14,(03)3641-0591,35.680513,139.803357,江東区登録文化財
698,円光大師霊蹟碑　東都二十五所のうち,東京都江東区白河1-3-32,(03)3641-1523 ,35.680812,139.799953,江東区登録文化財
699,八大龍王碑,東京都江東区白河1-3-32,(03)3641-1523 ,35.680812,139.799953,江東区登録文化財
700,森陳明墓碑,東京都江東区白河1-3-32,(03)3641-1523 ,35.680812,139.799953,江東区登録文化財
701,六字名号　雄誉霊巖書,東京都江東区白河1-3-32,(03)3641-1523 ,35.680812,139.799953,江東区登録文化財
702,六字名号　雄誉霊巖書,東京都江東区白河1-3-32,(03)3641-1523 ,35.680812,139.799953,江東区登録文化財
703,大富市場焼死者墓碑　昭和８年在銘,東京都江東区白河1-3-32,(03)3641-1523 ,35.680812,139.799953,江東区登録文化財
704,董堂先生碑　文政４年在銘,東京都江東区白河2-7-10,,35.682125,139.803417,江東区登録文化財
705,六字名号　祐天書　附天保９年祐梵極状,東京都江東区永代1-8-8 ,(03)3641-1842,35.674289,139.789584,江東区登録文化財
706,露柱庵冨水句碑,東京都江東区深川2-16-7 ,(03)3641-2566,35.675974,139.796779,江東区登録文化財
707,供養塔（残欠）　元亨４年在銘,東京都江東区深川2-16-7 ,(03)3641-2566,35.675974,139.796779,江東区登録文化財
708,明治校碑,東京都江東区深川2-17-26,(03)3641-0550,35.676436,139.797302,江東区登録文化財
709,岡田米仲点印塚　天明６年在銘,東京都江東区深川2-22-11,(03)3641-6832,35.676873,139.799094,江東区登録文化財
710,板碑,東京都江東区深川2-22-11,(03)3641-6832,35.676873,139.799094,江東区登録文化財
711,冬木弁財天石垣石　天保６年在銘,東京都江東区冬木22-31,(03)3641-9051,35.675396,139.800119,江東区登録文化財
712,岡野知十句碑,東京都江東区冬木22-31,(03)3641-9051,35.675396,139.800119,江東区登録文化財
713,園女歌仙桜碑,東京都江東区富岡1-16　,(03)5683-5581 ,35.671951,139.798741,江東区登録文化財
714,園女歌仙桜之碑　昭和６年在銘,東京都江東区富岡1-16　,(03)5683-5581 ,35.671951,139.798741,江東区登録文化財
715,志満寿左久良碑,東京都江東区富岡1-17-13,(03)3641-8288,35.672853,139.798368,江東区登録文化財
716,三世哥沢芝金碑,東京都江東区富岡1-17-13,(03)3641-8288,35.672853,139.798368,江東区登録文化財
717,華道古流家元松盛斎碑,東京都江東区富岡1-17-13,(03)3641-8288,35.672853,139.798368,江東区登録文化財
718,柳田泰麓碑　昭和９年在銘,東京都江東区富岡1-17,(03)5683-5581 ,35.672721,139.799044,江東区登録文化財
719,横綱力士碑　附陣幕・不知火顕彰碑2基　日月石寄附碑　地固め寄附碑　土台石垣　魚かし石柱2本　土台下玉垣,東京都江東区富岡1-20-3,(03)3642-1315,35.671958,139.799609,江東区指定文化財
720,釈迦嶽の碑,東京都江東区富岡1-20-3,(03)3642-1315,35.671958,139.799609,江東区登録文化財
721,森羅亭万象歌碑,東京都江東区富岡1-20-3,(03)3642-1315,35.671958,139.799609,江東区登録文化財
722,蒲丈句碑,東京都江東区富岡1-20-3,(03)3642-1315,35.671958,139.799609,江東区登録文化財
723,雪中庵完来句碑,東京都江東区富岡1-20-3,(03)3642-1315,35.671958,139.799609,江東区登録文化財
724,平花庵雨什句碑,東京都江東区富岡1-20-3,(03)3642-1315,35.671958,139.799609,江東区登録文化財
725,和田氏歴世記碑,東京都江東区富岡1-20-3,(03)3642-1315,35.671958,139.799609,江東区登録文化財
726,七渡弁天碑,東京都江東区富岡1-20-3,(03)3642-1315,35.671958,139.799609,江東区登録文化財
727,稲津祗空碑,東京都江東区富岡1-20-3,(03)3642-1315,35.671958,139.799609,江東区登録文化財
728,鳥居（残欠）　江川場売手中奉納,東京都江東区富岡1-20-3,(03)3642-1315,35.671958,139.799609,江東区登録文化財
729,打田茂三句碑,東京都江東区富岡1-20-3,(03)3642-1315,35.671958,139.799609,江東区登録文化財
730,故別当之碑　明治６年在銘,東京都江東区富岡1-20-3,(03)3642-1315,35.671958,139.799609,江東区登録文化財
731,調子紙塚　明治２年在銘,東京都江東区富岡1-20-3,(03)3642-1315,35.671958,139.799609,江東区登録文化財
732,第六大区一番組碑　明治６年在銘,東京都江東区富岡1-20-3,(03)3642-1315,35.671958,139.799609,江東区登録文化財
733,鳥居（残欠）　明治７年在銘,東京都江東区富岡1-20-3,(03)3642-1315,35.671958,139.799609,江東区登録文化財
734,鳥居（残欠）　昭和12年在銘,東京都江東区富岡1-20-3,(03)3642-1315,35.671958,139.799609,江東区登録文化財
735,復興記念碑　昭和11年在銘,東京都江東区富岡1-20-3,(03)3642-1315,35.671958,139.799609,江東区登録文化財
736,鳥居(残欠)　元治元年在銘,東京都江東区富岡1-20-3,(03)3642-1315,35.671958,139.799609,江東区登録文化財
737,波除碑,東京都江東区牡丹3-33　平久橋西詰橋台地,(03)3647-9819,35.668403,139.801523,東京都指定文化財
738,ラムゼー碑　明治19年在銘,東京都江東区越中島2-1,(03)5245-7300,35.667878,139.791799,江東区登録文化財
739,田副重右衛門招魂碑　明治21年在銘,東京都江東区越中島2-1,(03)5245-7300,35.667878,139.791799,江東区登録文化財
740,植樹記念碑　明治42年在銘,東京都江東区越中島2-1,(03)5245-7300,35.667878,139.791799,江東区登録文化財
741,猿江恩賜公園由来碑,東京都江東区住吉2-28,(03)3631-9732,35.688643,139.817134,江東区登録文化財
742,波除土手石垣間知石　3個,東京都江東区木場1-2-2,(03)3644-0374,35.667942,139.802198,江東区登録文化財
743,扁額　嘉永７年在銘,東京都江東区木場2-18-12,,35.669951,139.804783,江東区登録文化財
744,燈籠（残欠）　明治29年在銘　一対,東京都江東区木場2-18-12,,35.669951,139.804783,江東区登録文化財
745,太政官高札,東京都江東区木場2,,,,江東区登録文化財
746,波除碑,東京都江東区木場6-13-13,(03)3644-1092,35.668445,139.807736,東京都指定文化財
747,川連虎一郎碑,東京都江東区木場6-13-13,(03)3644-1092,35.668445,139.807736,江東区登録文化財
748,洲崎遊廓追善供養歌碑　昭和６年在銘,東京都江東区東陽1-39-5 区立東陽１丁目第２公園 ,(03)3647-9819,35.666201,139.812664,江東区登録文化財
749,関東大震災横死者供養塔　昭和10年在銘,東京都江東区東陽3-8-11 区立沢海橋第２児童遊園,(03)3647-9819,35.669542,139.809036,江東区登録文化財
750,上水木樋　3本,東京都江東区東陽4-11-28,(03)3647-9819,35.672793,139.817322,江東区登録文化財
751,墓石　宝永６年在銘,東京都江東区東陽4-11-28,(03)3647-9819,35.672793,139.817322,江東区登録文化財
752,題目曼荼羅,東京都江東区東陽4-11-28,(03)3647-9819,35.672793,139.817322,江東区登録文化財
753,ガラス乾板　深川区史図版　113点,東京都江東区東陽4-11-28,(03)3647-9819,35.672793,139.817322,江東区指定文化財
754,震災復興橋梁図面　901枚,東京都江東区東陽4-11-28,(03)3647-9819,35.672793,139.817322,江東区指定文化財
755,中江兆民翁之碑,東京都江東区亀戸3-6-1,(03)3681-0010,35.702666,139.820838,江東区登録文化財
756,聖廟九百年御忌句碑,東京都江東区亀戸3-6-1,(03)3681-0010,35.702666,139.820838,江東区登録文化財
757,歌川豊国翁之碑,東京都江東区亀戸3-6-1,(03)3681-0010,35.702666,139.820838,江東区登録文化財
758,帰春翁筆塚,東京都江東区亀戸3-6-1,(03)3681-0010,35.702666,139.820838,江東区登録文化財
759,董斎筆塚,東京都江東区亀戸3-6-1,(03)3681-0010,35.702666,139.820838,江東区登録文化財
760,花仙堂筆塚,東京都江東区亀戸3-6-1,(03)3681-0010,35.702666,139.820838,江東区登録文化財
761,正木樸筆塚　亀田鵬斎書,東京都江東区亀戸3-6-1,(03)3681-0010,35.702666,139.820838,江東区登録文化財
762,花鳥図碑　岸駒・曲江画,東京都江東区亀戸3-6-1,(03)3681-0010,35.702666,139.820838,江東区登録文化財
763,石川勝蔵歌碑,東京都江東区亀戸3-6-1,(03)3681-0010,35.702666,139.820838,江東区登録文化財
764,八百万神碑　男谷静斎書,東京都江東区亀戸3-6-1,(03)3681-0010,35.702666,139.820838,江東区登録文化財
765,燈籠　松平康任奉納　一対,東京都江東区亀戸3-6-1,(03)3681-0010,35.702666,139.820838,江東区登録文化財
766,松庵句碑,東京都江東区亀戸3-6-1,(03)3681-0010,35.702666,139.820838,江東区登録文化財
767,くんきょ先生碑,東京都江東区亀戸3-6-1,(03)3681-0010,35.702666,139.820838,江東区登録文化財
768,鮮斎永濯碑,東京都江東区亀戸3-6-1,(03)3681-0010,35.702666,139.820838,江東区登録文化財
769,梅松両社再建発句碑,東京都江東区亀戸3-6-1,(03)3681-0010,35.702666,139.820838,江東区登録文化財
770,菅原白竜画師献技碑,東京都江東区亀戸3-6-1,(03)3681-0010,35.702666,139.820838,江東区登録文化財
771,臥龍園句碑,東京都江東区亀戸3-6-1,(03)3681-0010,35.702666,139.820838,江東区登録文化財
772,累卵塔碑,東京都江東区亀戸3-6-1,(03)3681-0010,35.702666,139.820838,江東区登録文化財
773,藤樹奉献碑　大正４年在銘,東京都江東区亀戸3-6-1,(03)3681-0010,35.702666,139.820838,江東区登録文化財
774,明楽斎修筆碑　明治29年在銘,東京都江東区亀戸3-6-1,(03)3681-0010,35.702666,139.820838,江東区登録文化財
775,鷽替由来板木　大正５年在銘,東京都江東区亀戸3-6-1,(03)3681-0010,35.702666,139.820838,江東区登録文化財
776,鍾珠山人玉光句碑　弘化２年在銘,東京都江東区亀戸3-6-1,(03)3681-0010,35.702666,139.820838,江東区登録文化財
777,燈籠（残欠）　文政２年在銘,東京都江東区亀戸3-6-1,(03)3681-0010,35.702666,139.820838,江東区登録文化財
778,亀戸神社縁起碑　大正12年在銘,東京都江東区亀戸3-6-1,(03)3681-0010,35.702666,139.820838,江東区登録文化財
779,頌徳碑　明治28年在銘,東京都江東区亀戸3-6-1,(03)3681-0010,35.702666,139.820838,江東区登録文化財
780,菅公一千年祭記念碑　明治35年在銘,東京都江東区亀戸3-6-1,(03)3681-0010,35.702666,139.820838,江東区登録文化財
781,菅公一千年祭記念碑,東京都江東区亀戸3-6-1,(03)3681-0010,35.702666,139.820838,江東区登録文化財
782,菅公一千年祭記念境内全図銅板寄附碑,東京都江東区亀戸3-6-1,(03)3681-0010,35.702666,139.820838,江東区登録文化財
783,菅廟種梅碑　明治35年在銘,東京都江東区亀戸3-6-1,(03)3681-0010,35.702666,139.820838,江東区登録文化財
784,芭蕉句碑　絢堂素丸書,東京都江東区亀戸3-34-2,(03)3681-2620,35.705622,139.819415,江東区登録文化財
785,冬嶺・市町句碑,東京都江東区亀戸3-34-2,(03)3681-2620,35.705622,139.819415,江東区登録文化財
786,百寿句碑,東京都江東区亀戸3-34-2,(03)3681-2620,35.705622,139.819415,江東区登録文化財
787,螺舎一堂句碑,東京都江東区亀戸3-34-2,(03)3681-2620,35.705622,139.819415,江東区登録文化財
788,天祖神社社号標石　大正５年在銘,東京都江東区亀戸3-38-35,(03)3681-3042,35.706504,139.820913,江東区登録文化財
789,境内社太郎稲荷神社社号標石　昭和18年在銘,東京都江東区亀戸3-38-35,(03)3681-3042,35.706504,139.820913,江東区登録文化財
790,琴臺東條先生之碑,東京都江東区亀戸3-38-35,(03)3681-3042,35.706504,139.820913,江東区登録文化財
791,六字名号供養塔　伝祐天書,東京都江東区亀戸3-39　境橋橋台地,,35.706022,139.823649,江東区登録文化財
792,松植紀年之碑　大正５年在銘,東京都江東区亀戸3-42-1,,35.704178,139.822582,江東区登録文化財
793,市場通笑碑,東京都江東区亀戸3-42-1,,35.704178,139.822582,江東区登録文化財
794,延命地蔵尊碑　文久３年在銘,東京都江東区亀戸3-42-1,,35.704178,139.822582,江東区登録文化財
795,古筆了意翁之碑,東京都江東区亀戸3-43-3,,35.703512,139.822503,江東区登録文化財
796,松本魯山歌碑,東京都江東区亀戸3-43-3,,35.703512,139.822503,江東区登録文化財
797,徳本講碑　明治９年在銘,東京都江東区亀戸3-43-3,,35.703512,139.822503,江東区登録文化財
798,燈籠（残欠）　応永28年在銘,東京都江東区亀戸3-43-3,,35.703512,139.822503,江東区登録文化財
799,大杉殿扁額　佐々木文山書,東京都江東区亀戸3-57-22,(03)3684-2813,35.704295,139.825214,江東区登録文化財
800,棟札　4枚,東京都江東区亀戸3-57-22,(03)3684-2813,35.704295,139.825214,江東区登録文化財
801,亀戸惣鎮守葛飾神社号標石　文政７年在銘,東京都江東区亀戸3-57-22,(03)3684-2813,35.704295,139.825214,江東区登録文化財
802,狛犬（残欠）　文化２年在銘,東京都江東区亀戸3-57-22,(03)3684-2813,35.704295,139.825214,江東区登録文化財
803,亀戸水神森由来碑　昭和13年在銘,東京都江東区亀戸4-11-19,,35.701104,139.831522,江東区登録文化財
804,是心軒一露居士碑　明治32年在銘,東京都江東区亀戸4-24-1　,(03)3681-8213,35.703227,139.826243,江東区登録文化財
805,初代市村竹之丞寿塔,東京都江東区亀戸6-35-23,,35.694477,139.830385,江東区登録文化財
806,歴代市村羽左衛門供養塔,東京都江東区亀戸6-35-23,,35.694477,139.830385,江東区登録文化財
807,たのみの辞碑,東京都江東区亀戸9-15-1　区立亀戸浅間公園内,(03)3647-9819,35.695935,35.695935,江東区登録文化財
808,石段親柱　附拓本６枚　昭和29年７月７日採拓,東京都江東区亀戸9-15-1　区立亀戸浅間公園内,(03)3647-9819,35.695935,35.695935,江東区登録文化財
809,新築木材一式奉納碑　明治11年在銘,東京都江東区亀戸9-15-7,(03)3682-1581,35.695771,139.844565,江東区登録文化財
810,敷石及修繕費奉納碑　大正５年在銘,東京都江東区亀戸9-15-7,(03)3682-1581,35.695771,139.844565,江東区登録文化財
811,修庭記碑　大正８年在銘,東京都江東区亀戸9-15-7,(03)3682-1581,35.695771,139.844565,江東区登録文化財
812,紀念碑建設費奉納碑　大正８年在銘,東京都江東区亀戸9-15-7,(03)3682-1581,35.695771,139.844565,江東区登録文化財
813,女木塚碑　其日庵社中造立,東京都江東区大島5-39-26,(03)3684-4749,35.686392,139.836618,江東区登録文化財
814,大先達加藤忠治之碑,東京都江東区大島8-38-32,(03)3681-8848,35.687008,139.842813,江東区登録文化財
815,丸不二講先達五十年記念碑　明治28年在銘,東京都江東区大島8-38-32,(03)3681-8848,35.687008,139.842813,江東区登録文化財
816,燈籠（残欠）　織田長好奉納　一対,東京都江東区北砂2-1-37,(03)3644-1445,35.677564,139.826635,江東区登録文化財
817,題目曼荼羅　日遠書,東京都江東区北砂2-1-40,,35.678253,139.826474,江東区登録文化財
818,題目曼荼羅　日明書,東京都江東区北砂2-1-40,,35.678253,139.826474,江東区登録文化財
819,題目曼荼羅　日淳書,東京都江東区北砂2-1-40,,35.678253,139.826474,江東区登録文化財
820,題目曼荼羅　日淳書,東京都江東区北砂2-1-40,,35.678253,139.826474,江東区登録文化財
821,題目曼荼羅　日領書（版摺）,東京都江東区北砂2-1-40,,35.678253,139.826474,江東区登録文化財
822,一遍首題　日領書（版摺）,東京都江東区北砂2-1-40,,35.678253,139.826474,江東区登録文化財
823,西誉蓮入入定墳の碑,東京都江東区北砂4-22-6,(03)3644-6974,35.679198,139.831908,江東区登録文化財
824,大正六年海嘯横死者供養塔,東京都江東区北砂4-22-6,(03)3644-6974,35.679198,139.831908,江東区登録文化財
825,旧極楽寺無縁塔,東京都江東区北砂4-22-6,(03)3644-6974,35.679198,139.831908,江東区登録文化財
826,大勧進恵月院秀円上人供養塔　文政３年在銘,東京都江東区北砂4-22-6,(03)3644-6974,35.679198,139.831908,江東区登録文化財
827,大正６年10月海嘯横死者各霊位名簿,東京都江東区北砂4-22-6,(03)3644-6974,35.679198,139.831908,江東区登録文化財
828,弘法大師道敷石寄附紀念碑　明治38年在銘,東京都江東区北砂4-22-6,(03)3644-6974,35.679198,139.831908,江東区登録文化財
829,題目曼荼羅　日修書,東京都江東区東砂1-4-6,(03)3644-7835,35.683128,139.840652,江東区登録文化財
830,元神明碑,東京都江東区東砂4-2-18                                      ,,35.677108,35.677108,江東区登録文化財
831,敷石二十四枚奉納碑　大正３年在銘,東京都江東区東砂4-2-18                                      ,,35.677108,35.677108,江東区登録文化財
832,鳥居台石　天保10年在銘,東京都江東区東砂5-4-10 ,,35.676503,139.840635,江東区登録文化財
833,四十町講中碑　明治33年在銘,東京都江東区東砂6-13-4,,35.673175,139.840955,江東区登録文化財
834,石造燈籠　元禄14年・文政12年在銘　一対,東京都江東区東砂6-13-4,,35.673175,139.840955,江東区登録文化財
835,砂村波除地蔵由来碑,東京都江東区南砂2-23-9                                       ,,35.673921,139.825388,江東区登録文化財
836,芭蕉句碑　小柴暉雄書,東京都江東区南砂7-14-18,(03)3647-9472,139.837599,139.837599,江東区登録文化財
837,五明橋石文句碑,東京都江東区南砂7-14-18,(03)3647-9472,139.837599,139.837599,江東区登録文化財
838,富岡八幡宮扁額　明治４年在銘,東京都江東区南砂7-14-18,(03)3647-9472,139.837599,139.837599,江東区登録文化財
839,御影敷石百参拾枚奉納碑,東京都江東区南砂7-14-18,(03)3647-9472,139.837599,139.837599,江東区登録文化財
840,浅間神社修築記念碑　明治30年在銘,東京都江東区南砂7-14-18,(03)3647-9472,139.837599,139.837599,江東区登録文化財
841,富賀岡八幡宮大幟　三井親和書,東京都江東区南砂7-14-18,(03)3647-9472,139.837599,139.837599,江東区指定文化財
842,美辰・その女歌碑,東京都江東区南砂7-14-18,(03)3647-9472,139.837599,139.837599,江東区登録文化財
843,染織（無地染）,東京都江東区清澄2,,,,江東区登録文化財
844,簾製作,東京都江東区新大橋1　,,,,江東区指定文化財
845,相撲呼出し裁着袴製作,東京都江東区新大橋3,,,,江東区指定文化財
846,染織（紋章上絵）,東京都江東区新大橋3　,,,,江東区登録文化財
847,提燈製作,東京都江東区森下2　　　　　　　　　　　　　　　　　　　　　,,,,江東区登録文化財
848,染色補正,東京都江東区森下3　　　　　　　　　　　　　　　　　　　　　　,,,,江東区登録文化財
849,染織（紋章上絵）,東京都江東区森下3　　　　　　　　　　　　　　　　　　　　　　,,,,江東区登録文化財
850,象牙細工（三味線駒）,東京都江東区森下4　　　　　　　　　　　　　　　　　　　　　　,,,,江東区登録文化財
851,木工（建具）,東京都江東区三好2　　　　　　　　　　　　　　　　　　　　　　,,,,江東区登録文化財
852,縫紋,東京都江東区白河1　　　　,,,,江東区登録文化財
853,金工（鍛金）,東京都江東区高橋　,,,,江東区登録文化財
854,木工（箱風呂）,東京都江東区福住1　　,,,,江東区登録文化財
855,帯製作,東京都江東区深川2　　,,,,江東区登録文化財
856,刺繍（化粧廻し）,東京都江東区牡丹1　,,,,江東区登録文化財
857,金工（刀剣研磨）,東京都江東区古石場1　,,,,江東区登録文化財
858,木工（襖榾）,東京都江東区塩浜2,,,,江東区登録文化財
859,船大工,東京都江東区潮見2,,,,江東区登録文化財
860,木工（彫刻）,東京都江東区石島　　　,,,,江東区登録文化財
861,木工（襖榾・襖椽）,東京都江東区石島　　　,,,,江東区登録文化財
862,漆芸,東京都江東区石島　　　,,,,江東区指定文化財
863,ガラス工（江戸切子）,東京都江東区猿江2　　,,,,江東区登録文化財
864,表具,東京都江東区木場5　　　,,,,江東区登録文化財
865,表具,東京都江東区木場5　　　,,,,江東区登録文化財
866,木工（指物）,東京都江東区東陽1　,,,,江東区指定文化財
867,金工（鳶口）,東京都江東区東陽7　,,,,江東区登録文化財
868,亀戸天神鷽製作,東京都江東区亀戸3-6-1　　,(03)3681-0010,35.702666,139.820838,江東区登録文化財
869,べっ甲細工,東京都江東区亀戸3　,,,,江東区登録文化財
870,庖丁製作,東京都江東区亀戸7　,,,,江東区登録文化財
871,手描友禅,東京都江東区亀戸7　,,,,江東区指定文化財
872,染織（更紗染）,東京都江東区大島6　　,,,,江東区指定文化財
873,染織（更紗染）,東京都江東区大島6　　,,,,江東区指定文化財
874,人形頭製作,東京都江東区北砂5　　,,,,江東区登録文化財
875,木工（襖椽）,東京都江東区東砂4　　,,,,江東区登録文化財
876,カンナ製作,東京都江東区東砂7　　,,,,江東区登録文化財
877,あめ細工,東京都江東区東砂2　　,,,,江東区指定文化財
878,阿弥陀供養塔　延宝７年在銘,東京都江東区清澄3-3-9,(03)3641-5892,35.680699,139.797736,江東区登録文化財
879,庚申塔　文化12年在銘,東京都江東区清澄3-3-9,(03)3641-5892,35.680699,139.797736,江東区登録文化財
880,庚申塔　寛文10年在銘,東京都江東区清澄3-3-9,(03)3641-5892,35.680699,139.797736,江東区登録文化財
881,馬頭観音供養塔　安永３年在銘,東京都江東区清澄3-3-9,(03)3641-5892,35.680699,139.797736,江東区登録文化財
882,水盤　昭和11年在銘,東京都江東区新大橋3-1-4,,35.686457,139.795331,江東区登録文化財
883,庚申塔群,東京都江東区森下1-3-17,(03)3631-5548,35.686682,139.797309,江東区登録文化財
884,力石,東京都江東区森下1-3-17,(03)3631-5548,35.686682,139.797309,江東区登録文化財
885,大黒天像,東京都江東区平野1-13-6,(03)3641-0491,35.678578,139.800937,江東区登録文化財
886,上行菩薩立像,東京都江東区平野2-3-4　,,35.678011,139.801177,江東区登録文化財
887,水盤　弘化２年在銘,東京都江東区平野2-3-4,,35.678011,139.801177,江東区登録文化財
888,菩薩供養塔　貞享３年在銘,東京都江東区平野2-4-7,,,,江東区登録文化財
889,法華経供養塔,東京都江東区平野2-4-7,,,,江東区登録文化財
890,水盤,東京都江東区平野2-4-25,(03)3641-3390,35.678433,139.801951,江東区登録文化財
891,法華経供養塔,東京都江東区平野2-4-25,(03)3641-3390,35.678433,139.801951,江東区登録文化財
892,法華経供養塔　日本橋講中奉納,東京都江東区平野2-4-25,(03)3641-3390,35.678433,139.801951,江東区登録文化財
893,法華経供養塔　西川佐助他奉納,東京都江東区平野2-4-25,(03)3641-3390,35.678433,139.801951,江東区登録文化財
894,法華経供養塔　天保２年在銘,東京都江東区平野2-4-25,(03)3641-3390,35.678433,139.801951,江東区登録文化財
895,法華経供養塔　明治14年在銘,東京都江東区平野2-4-25,(03)3641-3390,35.678433,139.801951,江東区登録文化財
896,幟旗台　明治32年在銘　一対,東京都江東区平野2-4-25,(03)3641-3390,35.678433,139.801951,江東区登録文化財
897,百度石　昭和８年在銘,東京都江東区平野2-4-25,(03)3641-3390,35.678433,139.801951,江東区登録文化財
898,力石,東京都江東区三好1-6-3 ,(03)3641-5848,35.680705,139.800321,江東区登録文化財
899,水盤,東京都江東区三好1-6-3 ,(03)3641-5848,35.680705,139.800321,江東区登録文化財
900,水盤,東京都江東区三好1-6-3 ,(03)3641-5848,35.680705,139.800321,江東区登録文化財
901,水盤　小倉藩宮本源兵衛興根奉納,東京都江東区三好1-7-7,,35.680547,139.799813,江東区登録文化財
902,阿弥陀供養塔,東京都江東区三好2-7-2,,35.679958,139.803315,江東区登録文化財
903,地蔵供養塔　寛永20年在銘,東京都江東区三好2-11,,,,江東区登録文化財
904,弁財天,東京都江東区三好2-17-14,(03)3641-0591,35.680513,139.803357,江東区登録文化財
905,九品来迎引接石　寛永３年在銘,東京都江東区白河1-1-8,,35.681011,139.799252,江東区登録文化財
906,三界万霊塔　高橋旅館組合建立,東京都江東区白河1-3-32,(03)3641-1523 ,35.680812,139.799953,江東区登録文化財
907,水盤　享保13年在銘,東京都江東区白河1-3-32,(03)3641-1523 ,35.680812,139.799953,江東区登録文化財
908,水盤,東京都江東区白河1-3-32,(03)3641-1523 ,35.680812,139.799953,江東区登録文化財
909,水盤,東京都江東区白河1-3-32,(03)3641-1523 ,35.680812,139.799953,江東区登録文化財
910,水盤,東京都江東区白河1-3-32,(03)3641-1523 ,35.680812,139.799953,江東区登録文化財
911,水盤　安政６年在銘,東京都江東区白河1-3-32,(03)3641-1523 ,35.680812,139.799953,江東区登録文化財
912,水盤,東京都江東区白河1-3-32,(03)3641-1523 ,35.680812,139.799953,江東区登録文化財
913,三界万霊塔　小梅業平町宿屋組合建立,東京都江東区白河1-3-32,(03)3641-1523 ,35.680812,139.799953,江東区登録文化財
914,帝釈天像,東京都江東区高橋,,,,江東区登録文化財
915,天水桶　明治19年在銘　一対,東京都江東区佐賀2-4-8,,35.678881,139.791135,江東区登録文化財
916,力石　６個,東京都江東区佐賀2-4-8,,35.678881,139.791135,江東区登録文化財
917,観音供養塔　寛文９年在銘,東京都江東区永代1-8-8 ,(03)3641-1842,35.674289,139.789584,江東区登録文化財
918,力石　10個,東京都江東区永代1-14-14,,35.675916,139.791438,江東区登録文化財
919,力石　10個,東京都江東区永代2-37,,35.674928,139.792401,江東区登録文化財
920,水盤　文久３年在銘,東京都江東区福住1-4-12,,35.675826,139.792954,江東区登録文化財
921,薬師供養塔,東京都江東区深川2-15-20,,35.675496,139.797474,江東区登録文化財
922,水盤　文政５年在銘,東京都江東区深川2-16-27　,(03)3641-1580,35.675272,139.796474,江東区登録文化財
923,篤行神碑　宝永５年在銘,東京都江東区深川2-16-27　,(03)3641-1580,35.675272,139.796474,江東区登録文化財
924,馬頭観世音供養塔,東京都江東区深川2-17-26　　,(03)3641-0550,35.676436,139.797302,江東区登録文化財
925,法華経千部念仏百万遍供養塔,東京都江東区深川2-19-13　,,35.677014,139.797507,江東区登録文化財
926,六字名号供養塔　天保12年在銘,東京都江東区深川2-22-5,,35.677186,139.798643,江東区登録文化財
927,地蔵菩薩像　宝永３年在銘,東京都江東区深川2-22-11,(03)3641-6832,35.676873,139.799094,江東区登録文化財
928,水盤　福地弥兵衛奉納,東京都江東区冬木22-31,(03)3641-9051,35.675396,139.800119,江東区登録文化財
929,水盤　亀久稲荷神社旧蔵,東京都江東区冬木22-31,(03)3641-9051,35.675396,139.800119,江東区登録文化財
930,大黒天像,東京都江東区門前仲町1-8-4　　　,,35.673286,139.794579,江東区登録文化財
931,外置香炉　安政５年在銘,東京都江東区富岡1-15-1,,35.672013,139.798061,江東区登録文化財
932,豊来講碑　大正10年在銘,東京都江東区富岡1-17-13,(03)3641-8288,35.672853,139.798368,江東区登録文化財
933,内陣十六講碑　明治18年在銘,東京都江東区富岡1-17-13,(03)3641-8288,35.672853,139.798368,江東区登録文化財
934,百度敷石奉納碑　明治30年在銘,東京都江東区富岡1-17-13,(03)3641-8288,35.672853,139.798368,江東区登録文化財
935,力石　加藤吉太郎・川手金次郎在銘,東京都江東区富岡1-17-13,(03)3641-8288,35.672853,139.798368,江東区登録文化財
936,百度石　大正14年在銘,東京都江東区富岡1-17-13,(03)3641-8288,35.672853,139.798368,江東区登録文化財
937,力石　中村弥兵衛在銘,東京都江東区富岡1-20-3　,(03)3642-1315,35.671958,139.799609,江東区登録文化財
938,庚申塔,東京都江東区富岡1-20-3　,(03)3642-1315,35.671958,139.799609,江東区登録文化財
939,水盤　仲町丸平内二階中奉納,東京都江東区富岡1-20-3　,(03)3642-1315,35.671958,139.799609,江東区登録文化財
940,水盤　久住仕入網中奉納,東京都江東区富岡1-20-3　,(03)3642-1315,35.671958,139.799609,江東区登録文化財
941,富士講同行碑　明治元年在銘,東京都江東区富岡1-20-3　,(03)3642-1315,35.671958,139.799609,江東区登録文化財
942,富士塚奉納海上安全祈願碑　仙台廻船中奉納,東京都江東区富岡1-20-3　,(03)3642-1315,35.671958,139.799609,江東区登録文化財
943,力石　２個,東京都江東区富岡1-20-3　,(03)3642-1315,35.671958,139.799609,江東区登録文化財
944,水盤　深川八幡社中奉納,東京都江東区富岡1-20-3　,(03)3642-1315,35.671958,139.799609,江東区登録文化財
945,百度石　大正12年在銘,東京都江東区富岡1-20-3　,(03)3642-1315,35.671958,139.799609,江東区登録文化財
946,山玉講同行碑　附拓本２枚昭和29年６月17日採拓,東京都江東区富岡1-20-3　,(03)3642-1315,35.671958,139.799609,江東区登録文化財
947,深川山山講登山再建立手伝碑,東京都江東区富岡1-20-3　,(03)3642-1315,35.671958,139.799609,江東区登録文化財
948,天水桶　明治30年在銘　一対,東京都江東区牡丹1-6-5　　　,,35.670388,139.793953,江東区登録文化財
949,百度石　大正15年在銘,東京都江東区牡丹1-6-5　　,,35.670388,139.793953,江東区登録文化財
950,力石　8個,東京都江東区牡丹3-12-2　　,,35.669482,139.797678,江東区登録文化財
951,小名木川地蔵尊,東京都江東区扇橋2-8-1　　　　　　　　　　　　　　           ,,35.683416,139.813982,江東区登録文化財
952,無縁塚供養塔,東京都江東区猿江1-11-15　　　　　　　　　　　　　　　　　　,(03)3631-4996,35.686449,139.813519,江東区登録文化財
953,水盤　野村屋五郎兵衛奉納,東京都江東区猿江2-2-1　猿江神社内　　　　　        　　,,35.685871,139.814147,江東区登録文化財
954,五百羅漢道標　文化２年再建銘,東京都江東区猿江2-16　小名木川橋橋台地,,35.685144,139.816212,東京都指定文化財
955,五百らかん道標,東京都江東区猿江2-16,,35.686327,139.820253,江東区登録文化財
956,如意輪観音供養塔　元禄14年在銘,東京都江東区猿江2-16,,35.686327,139.820253,江東区登録文化財
957,水盤　両長家中奉納,東京都江東区猿江2-16,,35.686327,139.820253,江東区登録文化財
958,水盤　明治29年在銘,東京都江東区木場2-18-12,,35.669951,139.804783,江東区登録文化財
959,力石　４個,東京都江東区木場6-13-13,(03)3644-1092,35.668445,139.807736,江東区登録文化財
960,恵比寿像　文政６年在銘、大黒天像,東京都江東区東陽4-11-28,(03)3647-9819,35.672793,139.817322,江東区登録文化財
961,亀高村弘法大師道標　天保10年在銘,東京都江東区東陽4-11-28,(03)3647-9819、(03)3636-9091,35.672793,139.817322,江東区登録文化財
962,富士講行衣,東京都江東区東陽4-11-28,(03)3647-9819,35.672793,139.817322,江東区登録文化財
963,海苔生産用具及び関連資料　３５点,東京都江東区東陽4-11-28,(03)3647-9819,35.672793,139.817322,江東区登録文化財
964,力石（臥竜石）　蜀山人書,東京都江東区亀戸3-6-1,(03)3681-0010,35.702666,139.820838,江東区登録文化財
965,力石　山谷田中巳之助在銘,東京都江東区亀戸3-6-1,(03)3681-0010,35.702666,139.820838,江東区登録文化財
966,力石　三井親孝書,東京都江東区亀戸3-6-1,(03)3681-0010,35.702666,139.820838,江東区登録文化財
967,力石　熊治郎・金七在銘,東京都江東区亀戸3-6-1,(03)3681-0010,35.702666,139.820838,江東区登録文化財
968,水盤　池田祐春奉納,東京都江東区亀戸3-6-1,(03)3681-0010,35.702666,139.820838,江東区登録文化財
969,水盤　慶応３年在銘,東京都江東区亀戸3-6-1,(03)3681-0010,35.702666,139.820838,江東区登録文化財
970,水盤　明治43年在銘,東京都江東区亀戸3-6-1,(03)3681-0010,35.702666,139.820838,江東区登録文化財
971,力石,東京都江東区亀戸3-6-1,(03)3681-0010,35.702666,139.820838,江東区登録文化財
972,力石　天神下内田金蔵・八町堀亀島平蔵奉納,東京都江東区亀戸3-6-1,(03)3681-0010,35.702666,139.820838,江東区登録文化財
973,地蔵菩薩像　寛政11年在銘,東京都江東区亀戸3-10-2,,35.703158,139.819634,江東区登録文化財
974,三界万霊塔　明和７年在銘,東京都江東区亀戸3-10-2,,35.703158,139.819634,江東区登録文化財
975,庚申塔　万治２年在銘,東京都江東区亀戸3-34-2,(03)3681-2620,35.705622,139.819415,江東区指定文化財
976,融通念仏供養像台石　正徳５年在銘,東京都江東区亀戸3-34-2,(03)3681-2620,35.705622,139.819415,江東区登録文化財
977,水盤　延享２年在銘,東京都江東区亀戸3-34-2,(03)3681-2620,35.705622,139.819415,江東区登録文化財
978,法華経五千部供養塔　享保18年在銘,東京都江東区亀戸3-34-2,(03)3681-2620,35.705622,139.819415,江東区登録文化財
979,納経塚　文化３年在銘,東京都江東区亀戸3-34-2,(03)3681-2620,35.705622,139.819415,江東区登録文化財
980,力石,東京都江東区亀戸3-38-35,(03)3681-3042,35.706504,139.820913,江東区登録文化財
981,鉄造天水桶　大正11年在銘　一対,東京都江東区亀戸3-38-35,(03)3681-3042,35.706504,139.820913,江東区登録文化財
982,水盤　明治42年在銘,東京都江東区亀戸3-38-35,(03)3681-3042,35.706504,139.820913,江東区登録文化財
983,木下川やくしみち道標　宝暦11年在銘,東京都江東区亀戸3-39　境橋橋台地,(03)3647-9819,35.706012,139.823635,江東区指定文化財
984,庚申塔　延宝４年在銘,東京都江東区亀戸3-42-1,,35.704178,139.822582,江東区登録文化財
985,水盤　文化10年在銘,東京都江東区亀戸3-42-1,,35.704178,139.822582,江東区登録文化財
986,庚申塔　寛文８年在銘,東京都江東区亀戸3-43-3,,35.703512,139.822503,江東区登録文化財
987,地蔵供養塔　寛文３年在銘,東京都江東区亀戸3-43-3,,35.703512,139.822503,江東区登録文化財
988,地蔵逆修供養塔　寛文３年在銘,東京都江東区亀戸3-43-3,,35.703512,139.822503,江東区登録文化財
989,弘法大師供養塔　木食観正書,東京都江東区亀戸3-43-3,,35.703512,139.822503,江東区登録文化財
990,普門院札所碑　日本橋藤木店喜八奉納,東京都江東区亀戸3-43-3,,35.703512,139.822503,江東区登録文化財
991,水盤　元文４年在銘,東京都江東区亀戸3-43-3,,35.703512,139.822503,江東区登録文化財
992,厄除弘法大師標柱　明和７年在銘,東京都江東区亀戸3-56-14　　　　　　　　　　　　   　,(03)3644-3043,35.704851,139.825385,江東区登録文化財
993,宝船（道祖神祭具）,東京都江東区亀戸3-57-22,(03)3684-2813,35.704295,139.825214,江東区登録文化財
994,力石　2個,東京都江東区亀戸3-57-22,(03)3684-2813,35.704295,139.825214,江東区登録文化財
995,香取神社奉納鏃　2個,東京都江東区亀戸3-57-22,(03)3684-2813,35.704295,139.825214,江東区登録文化財
996,香取神社奉納刀　7振,東京都江東区亀戸3-57-22,(03)3684-2813,35.704295,139.825214,江東区登録文化財
997,水盤　天保2年在銘,東京都江東区亀戸3-57-22,(03)3684-2813,35.704295,139.825214,江東区登録文化財
998,水神社石祠　宝暦12年在銘,東京都江東区亀戸4-11-19,,35.701104,139.831522,江東区登録文化財
999,地蔵供養塔　念仏講在銘,東京都江東区亀戸4-17-11,,35.701266,139.826802,江東区登録文化財
1000,不動明王標柱,東京都江東区亀戸4-24-1　,(03)3681-8213,35.703227,139.826243,江東区登録文化財
1001,覚王寺札所碑,東京都江東区亀戸4-24-1　,(03)3681-8213,35.703227,139.826243,江東区登録文化財
1002,庚申塔,東京都江東区亀戸4-24-1　,(03)3681-8213,35.703227,139.826243,江東区登録文化財
1003,観音逆修供養塔,東京都江東区亀戸4-24-1　,(03)3681-8213,35.703227,139.826243,江東区登録文化財
1004,観音供養塔　寛文９年在銘,東京都江東区亀戸4-24-1　,(03)3681-8213,35.703227,139.826243,江東区登録文化財
1005,観音供養塔　元禄11年在銘,東京都江東区亀戸4-35-12,(03)3681-9757,35.702061,139.827409,江東区登録文化財
1006,観音供養塔　延宝６年在銘,東京都江東区亀戸4-35-12,(03)3681-9757,35.702061,139.827409,江東区登録文化財
1007,阿弥陀供養塔　延宝９年在銘,東京都江東区亀戸4-35-12,(03)3681-9757,35.702061,139.827409,江東区登録文化財
1008,六阿弥陀道道標　延宝７年在銘,東京都江東区亀戸4-48-3,(03)3681-7023,35.702669,139.830506,江東区指定文化財
1009,六阿弥陀六番目標柱　元文２年在銘,東京都江東区亀戸4-48-3,(03)3681-7023,35.702669,139.830506,江東区登録文化財
1010,庚申塔　天和３年在銘,東京都江東区亀戸4-48-3,(03)3681-7023,35.702669,139.830506,江東区登録文化財
1011,石地蔵尊像　延享３年在銘,東京都江東区亀戸4-48-3,(03)3681-7023,35.702669,139.830506,江東区登録文化財
1012,水盤　延宝８年在銘,東京都江東区亀戸4-48-3,(03)3681-7023,35.702669,139.830506,江東区登録文化財
1013,元天神石祠,東京都江東区亀戸5,,,,江東区登録文化財
1014,観音供養塔　宝永６年在銘,東京都江東区亀戸6-35-23,,35.694477,139.830385,江東区登録文化財
1015,水盤　八幡楼奉納,東京都江東区亀戸6-35-23,,35.694477,139.830385,江東区登録文化財
1016,亀戸の富士塚,東京都江東区亀戸9-15-1　区立亀戸浅間公園内,(03)3647-9819,35.695884,139.844199,江東区指定文化財
1017,庚申塔　元禄11年在銘,東京都江東区亀戸9-15-7,(03)3682-1581,35.695771,139.844565,江東区登録文化財
1018,法華経供養塔　元禄14年在銘,東京都江東区亀戸9-15-7,(03)3682-1581,35.695771,139.844565,江東区登録文化財
1019,観音供養塔　安永８年在銘,東京都江東区亀戸9-15-7,(03)3682-1581,35.695771,139.844565,江東区登録文化財
1020,身禄歌碑,東京都江東区亀戸9-15-7,(03)3682-1581,35.695771,139.844565,江東区登録文化財
1021,水盤　寛政７年在銘,東京都江東区亀戸9-15-7,(03)3682-1581,35.695771,139.844565,江東区登録文化財
1022,如意輪観音供養塔,東京都江東区亀戸9-15-7,(03)3682-1581,35.695771,139.844565,江東区登録文化財
1023,地蔵供養塔,東京都江東区亀戸9-15-7,(03)3682-1581,35.695771,139.844565,江東区登録文化財
1024,地蔵供養塔　当社庵主一量在銘,東京都江東区亀戸9-15-7,(03)3682-1581,35.695771,139.844565,江東区登録文化財
1025,地蔵供養塔　天明２年在銘,東京都江東区亀戸9-15-7,(03)3682-1581,35.695771,139.844565,江東区登録文化財
1026,供養塔（破損仏）　伝馬頭観音,東京都江東区亀戸9-15-7,(03)3682-1581,35.695771,139.844565,江東区登録文化財
1027,富士せんげん・亀戸天神・六阿みだ・あさくさ道道標　享和元年在銘,東京都江東区亀戸9-15-7,(03)3682-1581,35.695771,139.844565,江東区指定文化財
1028,天水桶　明治33年在銘,東京都江東区亀戸9-15-7,(03)3682-1581,35.695771,139.844565,江東区登録文化財
1029,富士講お伝え,東京都江東区亀戸9-15-7,(03)3682-1581,35.695771,139.844565,江東区登録文化財
1030,稲荷社石祠　寛政２年在銘,東京都江東区亀戸9,,,,江東区登録文化財
1031,水盤　文政８年在銘,東京都江東区大島2-15-4　　　　　　　　　　　　　　　　 　　,(03)3681-7217,35.690656,139.823435,江東区登録文化財
1032,力石,東京都江東区大島2-15-4　　　　　　　　　　　　　　　　 　　,(03)3681-7217,35.690656,139.823435,江東区登録文化財
1033,地蔵供養塔　延享元年在銘,東京都江東区大島3-1-8,,35.689608,139.826664,江東区登録文化財
1034,子安稲荷社碑　大正６年在銘,東京都江東区大島3-21-9　　　　　　　　　　　　　　　 　,,35.691675,139.828798,江東区登録文化財
1035,地蔵供養塔,東京都江東区大島3-31-15　　　　　　　　　　　　　　　 　　,,35.689646,139.831112,江東区登録文化財
1036,地蔵供養塔,東京都江東区大島3-31-15　　　　　　　　　　　　　　　 　　,,35.689646,139.831112,江東区登録文化財
1037,地蔵供養塔　享保10年在銘,東京都江東区大島3-31-15　　　　　　　　　　　　　　　 　　,,35.689646,139.831112,江東区登録文化財
1038,水盤　明和３年在銘,東京都江東区大島4-19                                        ,,35.686609,139.832373,江東区登録文化財
1039,水盤　町火消九組奉納,東京都江東区大島5-39-26,(03)3684-4749,35.686392,139.836618,江東区登録文化財
1040,力石　２個,東京都江東区大島5-39-26,(03)3684-4749,35.686392,139.836618,江東区登録文化財
1041,庚申塔　天明７年在銘,東京都江東区大島7-24-1 ,(03)3681-7058,35.690871,139.840979,江東区登録文化財
1042,六角石塔　文政６年在銘,東京都江東区大島7-24-1 ,(03)3681-7058,35.690871,139.840979,江東区登録文化財
1043,豊栄社石祠　文化２年在銘,東京都江東区大島7-24-1 ,(03)3681-7058,35.690871,139.840979,江東区登録文化財
1044,力石,東京都江東区大島7-24-1 ,(03)3681-7058,35.690871,139.840979,江東区登録文化財
1045,水神宮石祠　宝暦11年在銘,東京都江東区大島7-24-1 ,(03)3681-7058,35.690871,139.840979,江東区登録文化財
1046,庚申塔　正徳２年在銘,東京都江東区大島8-19-12　　　　　　　　　　　　　　　,(03)5683-5581 ,35.687724,139.841299,江東区登録文化財
1047,塩なめ地蔵,東京都江東区大島8-38-32,(03)3681-8848,35.687008,139.842813,江東区登録文化財
1048,六地蔵,東京都江東区大島8-38-32,(03)3681-8848,35.687008,139.842813,江東区登録文化財
1049,六字名号供養塔　寛政９年在銘,東京都江東区大島8-38-32,(03)3681-8848,35.687008,139.842813,江東区登録文化財
1050,地蔵菩薩　享保18年在銘,東京都江東区大島8-38-32,(03)3681-8848,35.687008,139.842813,江東区登録文化財
1051,西国坂東秩父百番札所巡拝塔　並木浅右衛門奉納,東京都江東区大島8-38-32,(03)3681-8848,35.687008,139.842813,江東区登録文化財
1052,力石　寛文４年在銘,東京都江東区北砂2-1-37,(03)3644-1445,35.677564,139.826635,江東区指定文化財
1053,庚申塔　延宝８年在銘,東京都江東区北砂2-1-37,(03)3644-1445,35.677564,139.826635,江東区登録文化財
1054,庚申塔　元禄６年在銘,東京都江東区北砂2-1-37,(03)3644-1445,35.677564,139.826635,江東区登録文化財
1055,庚申塔　寛文元年在銘,東京都江東区北砂2-1-37,(03)3644-1445,35.677564,139.826635,江東区指定文化財
1056,庚申塔　延宝８年在銘,東京都江東区北砂2-1-37,(03)3644-1445,35.677564,139.826635,江東区指定文化財
1057,庚申塔　延宝３年在銘,東京都江東区北砂2-1-37,(03)3644-1445,35.677564,139.826635,江東区登録文化財
1058,水盤　尊空稲荷神社旧蔵,東京都江東区北砂2-1-37,(03)3644-1445,35.677564,139.826635,江東区登録文化財
1059,獅子頭　一対,東京都江東区北砂2-1-37,(03)3644-1445,35.677564,139.826635,江東区登録文化財
1060,法華経供養塔　享保５年在銘,東京都江東区北砂2-1-40,,35.678253,139.826474,江東区登録文化財
1061,力石,東京都江東区北砂2-1-40,,35.678253,139.826474,江東区登録文化財
1062,法華経供養塔　享保14年在銘,東京都江東区北砂2-1-40,,35.678253,139.826474,江東区登録文化財
1063,法華経供養塔,東京都江東区北砂2-1-40,,35.678253,139.826474,江東区登録文化財
1064,馬頭観世音供養塔　昭和３年在銘,東京都江東区北砂2-1-40,,35.678253,139.826474,江東区登録文化財
1065,水盤　治兵衛新田氏子中奉納,東京都江東区北砂3-21-11,,35.681664,139.830605,江東区登録文化財
1066,庚申塔　享保３年在銘,東京都江東区北砂3-21-11,,35.681664,139.830605,江東区登録文化財
1067,力石　４個,東京都江東区北砂3-21-11,,35.681664,139.830605,江東区登録文化財
1068,観音供養塔　元禄15年在銘,東京都江東区北砂4-22-6,(03)3644-6974,35.679198,139.831908,江東区登録文化財
1069,弘法大師標柱　元治元年在銘,東京都江東区北砂4-22-6,(03)3644-6974,35.679198,139.831908,江東区登録文化財
1070,弘法大師標柱,東京都江東区北砂4-22-6,(03)3644-6974,35.679198,139.831908,江東区登録文化財
1071,厄除弘法大師持宝院標柱　天保10年在銘,東京都江東区北砂4-22-6,(03)3644-6974,35.679198,139.831908,江東区登録文化財
1072,水盤　文化14年在銘,東京都江東区北砂4-22-6,(03)3644-6974,35.679198,139.831908,江東区登録文化財
1073,水盤　砂村高砂講奉納,東京都江東区北砂4-22-6,(03)3644-6974,35.679198,139.831908,江東区登録文化財
1074,水盤　明治８年在銘,東京都江東区北砂4-22-6,(03)3644-6974,35.679198,139.831908,江東区登録文化財
1075,高砂講関係石造物群,東京都江東区北砂4-22-6,(03)3644-6974,35.679198,139.831908,江東区登録文化財
1076,水盤　大正３年在銘,東京都江東区北砂4-25-15　,,35.679314,139.832791,江東区登録文化財
1077,天水桶　大正９年在銘　一対,東京都江東区北砂4-25-15　,,35.679314,139.832791,江東区登録文化財
1078,百度石　昭和３年在銘,東京都江東区北砂4-25-15　,,35.679314,139.832791,江東区登録文化財
1079,水盤　寛延２年在銘,東京都江東区北砂6-12　,,35.683567,139.836259,江東区登録文化財
1080,百度石　昭和13年在銘,東京都江東区北砂6-12　,,35.683567,139.836259,江東区登録文化財
1081,鬼子母神道道標,東京都江東区東砂1-4-6,(03)3644-7835,35.683128,139.840652,江東区指定文化財
1082,題目供養塔,東京都江東区東砂1-4-6,(03)3644-7835,35.683128,139.840652,江東区登録文化財
1083,庚申塔　天保15年在銘,東京都江東区東砂2-14-5　　　　　　　　　,,35.686116,35.686116,江東区登録文化財
1084,水盤　嘉永３年在銘,東京都江東区東砂2-14-5　　　　　　　　　　　,,35.686116,35.686116,江東区登録文化財
1085,水盤　浅野喜兵衛奉納,東京都江東区東砂3-17-17　　　　　　　　　　　　　　,,35.681494,139.841778,江東区登録文化財
1086,水盤　元文３年在銘,東京都江東区東砂4-2-18,,35.677108,35.677108,江東区登録文化財
1087,力石,東京都江東区東砂4-2-18,,35.677108,35.677108,江東区登録文化財
1088,奉納額　元神明付近景観図　明治35年在銘,東京都江東区東砂4-2-18,,35.677108,35.677108,江東区登録文化財
1089,北向子育地蔵尊,東京都江東区東砂4-3                                            ,,35.676924,139.837675,江東区登録文化財
1090,力石  12個,東京都江東区東砂5-4-10 ,,35.676503,139.840635,江東区登録文化財
1091,庚申塔　元禄14年在銘,東京都江東区東砂6-13-4,,35.673175,139.840955,江東区登録文化財
1092,水神社石祠　天明４年在銘,東京都江東区東砂6-13-4,,35.673175,139.840955,江東区登録文化財
1093,竜神社石祠　寛保元年在銘,東京都江東区東砂6-13-4,,35.673175,139.840955,江東区登録文化財
1094,天神社石祠　天保４年在銘,東京都江東区東砂6-13-4,,35.673175,139.840955,江東区登録文化財
1095,力石　４個,東京都江東区東砂6-13-4,,35.673175,139.840955,江東区登録文化財
1096,湯立釜　八郎右衛門新田若者中奉納,東京都江東区東砂6-13-4,,35.673175,139.840955,江東区登録文化財
1097,庚申塔　正徳２年在銘,東京都江東区東砂7-12-2                            ,,35.673093,139.840624,江東区登録文化財
1098,子育地蔵　附地蔵堂建立碑,東京都江東区東砂7-12-2                                   ,,35.673093,139.840624,江東区登録文化財
1099,庚申塔　延宝３年在銘,東京都江東区南砂2-28-1  ,,35.675418,139.821618,江東区登録文化財
1100,中央寺奉納桶・十能・火箸,東京都江東区南砂4-15-20,(03)3644-6411,35.672773,139.830761,江東区登録文化財
1101,水盤　文久２年在銘,東京都江東区南砂4-15-20,(03)3644-6411,35.672773,139.830761,江東区登録文化財
1102,秋葉三尺坊権現像,東京都江東区南砂4-15-20,(03)3644-6411,35.672773,139.830761,江東区登録文化財
1103,弁財天石祠　天明４年在銘,東京都江東区南砂4,,,,江東区登録文化財
1104,力石,東京都江東区南砂5-24地先　仙台堀川公園内 旧大石家住宅,(03)3647-9819,35.674424,139.835955,江東区登録文化財
1105,元八まん道道標　有扇亭石文在銘,東京都江東区南砂7-14-18,(03)3647-9472,139.837599,139.837599,江東区登録文化財
1106,出羽三山碑　砂村講中奉納,東京都江東区南砂7-14-18,(03)3647-9472,139.837599,139.837599,江東区登録文化財
1107,砂町の富士塚,東京都江東区南砂7-14-18,(03)3647-9472,139.837599,139.837599,江東区指定文化財
1108,燈籠（残欠）　若者中奉納　一対,東京都江東区南砂7-14-18,(03)3647-9472,139.837599,139.837599,江東区登録文化財
1109,力石　９個,東京都江東区南砂7-14-18,(03)3647-9472,139.837599,139.837599,江東区登録文化財
1110,力石　砂村稲荷神社旧蔵  ８個,東京都江東区南砂7-14-18,(03)3647-9472,139.837599,139.837599,江東区登録文化財
1111,絵馬　寛政９年在銘,東京都江東区南砂7-14-18,(03)3647-9472,139.837599,139.837599,江東区登録文化財
1112,弁財天石祠　寛政元年在銘,東京都江東区南砂7-14-18,(03)3647-9472,139.837599,139.837599,江東区登録文化財
1113,浅間神社石祠　明治29年在銘,東京都江東区南砂7-14-18,(03)3647-9472,139.837599,139.837599,江東区登録文化財
1114,獅子頭　一対,東京都江東区南砂7-14-18,(03)3647-9472,139.837599,139.837599,江東区登録文化財
1115,小御嶽神社　明治26年在銘,東京都江東区南砂7-14-18,(03)3647-9472,139.837599,139.837599,江東区登録文化財
1116,庚申塔　宝暦６年在銘,東京都江東区南砂7-14-18,(03)3647-9472,139.837599,139.837599,江東区登録文化財
1117,天水桶　明治35年在銘一対,東京都江東区南砂7-14-18,(03)3647-9472,139.837599,139.837599,江東区登録文化財
1118,深川十講碑　昭和８年在銘,東京都江東区南砂7-14-18,(03)3647-9472,139.837599,139.837599,江東区登録文化財
1119,元祖山吉御水講中碑　昭和８年在銘,東京都江東区南砂7-14-18,(03)3647-9472,139.837599,139.837599,江東区登録文化財
1120,山吉丸す講改築紀念碑　昭和８年在銘,東京都江東区南砂7-14-18,(03)3647-9472,139.837599,139.837599,江東区登録文化財
1121,水盤　昭和14年在銘,東京都江東区南砂7-14-18,(03)3647-9472,139.837599,139.837599,江東区登録文化財
1122,出羽三山碑　村井鍋次郎奉納,東京都江東区南砂7-14-18,(03)3647-9472,139.837599,139.837599,江東区登録文化財
1123,山吉講同行碑　石崎甚兵衛他奉納,東京都江東区南砂7-14-18,(03)3647-9472,139.837599,139.837599,江東区登録文化財
1124,山吉講同行碑,東京都江東区南砂7-14-18,(03)3647-9472,139.837599,139.837599,江東区登録文化財
1125,経が嶽碑,東京都江東区南砂7-14-18,(03)3647-9472,139.837599,139.837599,江東区登録文化財
1126,富士信仰歌碑,東京都江東区南砂7-14-18,(03)3647-9472,139.837599,139.837599,江東区登録文化財
1127,亀戸天神の鷽替,東京都江東区亀戸天神社,(03)3681-0010,35.702666,139.820838,江東区登録文化財
1128,中洲の渡し跡,東京都江東区清澄1-1､佐賀2-1〜中央区,,35.680954,139.791697,江東区登録文化財
1129,平賀源内エレキテル実験の地,東京都江東区清澄1-2.3,,35.680854,139.792073,江東区登録文化財
1130,セメント工業発祥の地,東京都江東区清澄1-2,,35.680733,139.793271,江東区登録文化財
1131,上・中・下之橋跡,東京都江東区清澄1-2〜佐賀2-10､佐賀2-1.7〜2-1.10､佐賀2-1.2〜佐賀1-1.14,,,,江東区登録文化財
1132,陸奥宗光宅跡,東京都江東区清澄1-5付近,,35.681819,139.793669,江東区登録文化財
1133,霊雲院跡,東京都江東区清澄1-4.5.6.7付近、2-5.9.10.11付近,,35.6828,139.794182,江東区登録文化財
1134,前島密宅跡,東京都江東区清澄2-2,,35.680455,139.795629,江東区登録文化財
1135,三野村利左衛門宅跡,東京都江東区清澄2-6.7.8.11.12,,35.682035,139.795852,江東区登録文化財
1136,桑田立斎宅跡,東京都江東区清澄2-13付近,,35.682861,139.795032,江東区登録文化財
1137,村田春海墓,東京都江東区清澄3-4-23,,35.681383,139.797588,東京都指定文化財
1138,呂一官墓,東京都江東区清澄3-4-23,,35.681383,139.797588,江東区登録文化財
1139,仁木三岳墓,東京都江東区清澄3-4-23,,35.681383,139.797588,江東区登録文化財
1140,村田家墓,東京都江東区清澄3-4-23,,35.681383,139.797588,江東区登録文化財
1141,元木場跡,東京都江東区清澄、佐賀、福住、深川付近,,,,江東区登録文化財
1142,川船番所跡,東京都江東区常盤1-1付近,,35.683811,139.794526,江東区登録文化財
1143,旧万年橋跡,東京都江東区常盤1-2〜清澄1-8,,35.683637,139.79425,江東区登録文化財
1144,芭蕉翁古池の跡,東京都江東区常盤1-3.16.17付近,,35.684291,139.794527,東京都指定文化財
1145,旧新大橋跡,東京都江東区常盤1-6〜中央区,,35.685674,139.793794,江東区登録文化財
1146,猿子橋跡,東京都江東区常盤1-11.12〜1-9.13,,35.685333,139.796024,江東区登録文化財
1147,深川御籾蔵跡,東京都江東区常盤1付近,,35.685539,139.794714,江東区登録文化財
1148,慈眼寺跡,東京都江東区常盤2-5.6付近及び猿江2-15付近,,,,江東区登録文化財
1149,二代目中村芝翫宅跡,東京都江東区常盤2-12.13.14,,35.684211,139.798292,江東区登録文化財
1150,高橋跡,東京都江東区常盤2-15、高橋1〜清澄2-11、白河1-7,,,,江東区登録文化財
1151,櫨御植付場跡,東京都江東区新大橋1-2.3,,35.687713,139.793248,江東区登録文化財
1152,安宅の渡し跡,東京都江東区新大橋1-5.8〜中央区,,35.688718,139.793037,江東区登録文化財
1153,御船蔵跡,東京都江東区新大橋1付近,,35.687791,139.793145,江東区登録文化財
1154,安宅丸繋留地跡,東京都江東区新大橋1、2,,"35.688736,",139.793255,江東区登録文化財
1155,御用石灰置場並会所跡,東京都江東区新大橋1、常盤1-6,,35.685738,39.794322,江東区登録文化財
1156,会輔堂跡,東京都江東区新大橋2-5付近,,35.687322,139.79472,江東区登録文化財
1157,小野友五郎宅跡,東京都江東区新大橋2-11.12付近,,35.688766,139.794486,江東区登録文化財
1158,伊豆長八宅跡,東京都江東区新大橋2-5〜3-5,,35.687443,139.794476,江東区登録文化財
1159,六間堀跡,東京都江東区新大橋3-18〜常盤1-19,,35.688899,139.796476,江東区登録文化財
1160,深川村発祥の地,東京都江東区森下1-3-17　深川神明宮付近,,35.686682,139.797309,江東区登録文化財
1161,五間堀跡,東京都江東区森下1-17〜3-13,,35.689831,139.799133,江東区登録文化財
1162,泉養寺跡,東京都江東区森下1、常盤2付近及び猿江2-13.14付近,,,,江東区登録文化財
1163,伊東深水誕生の地,東京都江東区森下1、常盤2,,35.686106,139.797549,江東区登録文化財
1164,芭蕉翁句塚跡,東京都江東区森下2-22-9,(03)3631-9063,35.688665,139.798816,江東区登録文化財
1165,日本駄右衛門墓跡,東京都江東区森下2-22-9,(03)3631-9063,35.688665,139.798816,江東区登録文化財
1166,東京府小学第六校跡,東京都江東区森下2-22-9,(03)3631-9063,35.688665,139.798816,江東区登録文化財
1167,瓢池園陶磁器工場跡,東京都江東区森下3-5、3-13、4-24.25,,35.685455,139.802433,江東区登録文化財
1168,大工町の渡し跡,東京都江東区森下3-1.12付近〜白河2-23,,35.684135,139.801221,江東区登録文化財
1169,旭焼製造場跡,東京都江東区森下3-13,,35.685455,139.802433,江東区登録文化財
1170,高田早苗誕生の地,東京都江東区森下4-24付近,,35.687968,139.803853,江東区登録文化財
1171,弘文舎跡,東京都江東区平野1-6.7.8付近,,35.678882,139.79907,江東区登録文化財
1172,滝沢馬琴誕生の地,東京都江東区平野1-7.8付近,,35.678492,139.798378,江東区登録文化財
1173,歴代杵屋六左衛門墓,東京都江東区平野1-14-10,(03)3641-7100,35.679017,139.800243,江東区登録文化財
1174,深川授産場跡,東京都江東区平野1、2,,,,江東区登録文化財
1175,水場跡,東京都江東区平野1　海辺橋付近,,35.678191,139.798039,江東区登録文化財
1176,仙台堀,東京都江東区平野2-1〜清澄1-1,,,,江東区登録文化財
1177,手柄岡持墓,東京都江東区平野2-4-7,,,,江東区登録文化財
1178,初代清元延寿太夫墓,東京都江東区平野2-4-25,(03)3641-3390,35.678433,139.801951,江東区登録文化財
1179,三沢局墓,東京都江東区平野2-4-25,(03)3641-3390,35.678433,139.801951,江東区登録文化財
1180,矢部定令墓,東京都江東区平野2-4-25,(03)3641-3390,35.678433,139.801951,江東区登録文化財
1181,深川区役所跡,東京都江東区平野2-4-25,(03)3641-3390,35.678433,139.801951,江東区登録文化財
1182,洲崎廓追善墓,東京都江東区平野2-4-25,(03)3641-3390,35.678433,139.801951,江東区登録文化財
1183,福王家歴代墓,東京都江東区平野2-4-25,(03)3641-3390,35.678433,139.801951,江東区登録文化財
1184,円珠院墓,東京都江東区平野2-4-25,(03)3641-0491,35.678433,139.801951,江東区登録文化財
1185,間宮林蔵墓,東京都江東区平野2-7-8,,,,江東区登録文化財
1186,英一蝶宅跡,東京都江東区三好1-1.8付近,,35.679899,139.799223,江東区登録文化財
1187,石川玄常墓,東京都江東区三好1-4-14 　　　　　　　　　　　　　,,35.679886,139.800985,江東区登録文化財
1188,橋本雅邦墓,東京都江東区三好1-4-24,,,,江東区登録文化財
1189,横綱阿武松緑之助墓,東京都江東区三好1-4-24    ,,,,江東区登録文化財
1190,浦風墓,東京都江東区三好1-4-24    ,,,,江東区登録文化財
1191,天廼門都竜墓,東京都江東区三好1-4-24    ,,,,江東区登録文化財
1192,十三代・十六代木村庄之助墓,東京都江東区三好1-4-24    ,,,,江東区登録文化財
1193,和田家歴代墓,東京都江東区三好1-6-3 ,(03)3641-5848,35.680705,139.800321,江東区登録文化財
1194,紀伊国屋文左衛門墓,東京都江東区三好1-6-13　　　　　　　　　,,,,江東区登録文化財
1195,三代・四代・五代山響墓,東京都江東区三好1-6-13　　　　　　　　　,,,,江東区登録文化財
1196,松平忠敏墓,東京都江東区三好1-7-7,,35.680547,139.799813,江東区登録文化財
1197,霊巖寺学寮跡,東京都江東区三好1、2、白河1、2付近,,,,江東区登録文化財
1198,二代目勝俵蔵墓,東京都江東区三好2-7-2,,35.679958,139.803315,江東区登録文化財
1199,福士幸次郎墓,東京都江東区三好2-11,,,,江東区登録文化財
1200,庄司甚右衛門墓,東京都江東区三好2-17-14,(03)3641-0591,35.680513,139.803357,江東区登録文化財
1201,初代竹本越路太夫・三代野澤吉兵衛墓,東京都江東区三好2-17-14,(03)3641-0591,35.680513,139.803357,江東区登録文化財
1202,後藤三右衛門光亨墓,東京都江東区三好2-17-14,(03)3641-0591,35.680513,139.803357,江東区登録文化財
1203,福聚庵跡　黄檗宗江戸八カ庵の一,東京都江東区三好3-4.11付近,,,,江東区登録文化財
1204,大屋裏住墓,東京都江東区三好3-7-5　　　　　　　　,,35.680536,139.804301,江東区登録文化財
1205,進藤忠次墓,東京都江東区三好3-7-5　　　　　　　　　　　　　　,,35.680536,139.804301,江東区登録文化財
1206,深川の薮そば跡,東京都江東区三好3-10付近,,35.680936,139.805825,江東区登録文化財
1207,度会園女墓,東京都江東区白河1-1-8,,35.681011,139.799252,江東区登録文化財
1208,奈良屋茂左衛門墓跡,東京都江東区白河1-1-8,,35.681011,139.799252,江東区登録文化財
1209,松平定信墓,東京都江東区白河1-3-32,(03)3641-1523 ,35.680812,139.799953,国指定重要文化財
1210,雄誉霊巖墓,東京都江東区白河1-3-32,(03)3641-1523 ,35.680812,139.799953,江東区登録文化財
1211,本多忠統墓,東京都江東区白河1-3-32,(03)3641-1523 ,35.680812,139.799953,江東区登録文化財
1212,松田東吉郎墓,東京都江東区白河1-3-32,(03)3641-1523 ,35.680812,139.799953,江東区登録文化財
1213,高田藩主榊原家墓,東京都江東区白河1-3-32,(03)3641-1523 ,35.680812,139.799953,江東区登録文化財
1214,桑名藩主松平家墓,東京都江東区白河1-3-32,(03)3641-1523 ,35.680812,139.799953,江東区登録文化財
1215,膳所藩主本多家墓,東京都江東区白河1-3-32,(03)3641-1523 ,35.680812,139.799953,江東区登録文化財
1216,尼崎藩主松平家墓,東京都江東区白河1-3-32,(03)3641-1523 ,35.680812,139.799953,江東区登録文化財
1217,今治藩主松平家墓,東京都江東区白河1-3-32,(03)3641-1523 ,35.680812,139.799953,江東区登録文化財
1218,峰山藩主京極家墓,東京都江東区白河1-3-32,(03)3641-1523 ,35.680812,139.799953,江東区登録文化財
1219,松旭斎天一墓,東京都江東区白河1-3-32,(03)3641-1523 ,35.680812,139.799953,江東区登録文化財
1220,干鰯場（銚子場）跡,東京都江東区白河1-7付近,,35.682256,139.800193,江東区登録文化財
1221,岩出惣兵衛宅跡,東京都江東区白河1-7付近,,35.682883,139.799284,江東区登録文化財
1222,下手渡藩上屋敷跡,東京都江東区白河2-1.2.10.11.12,,,,江東区登録文化財
1223,真光庵跡　黄檗宗江戸八カ庵の一,東京都江東区白河2-4.8付近,,,,江東区登録文化財
1224,万祥庵跡　黄檗宗江戸八カ庵の一,東京都江東区白河2-4.8付近,,,,江東区登録文化財
1225,海辺新田鋳銭座跡,東京都江東区白河2-20〜23,,,,江東区登録文化財
1226,加舎白雄誕生の地,東京都江東区白河4-9、三好4-1〜3付近,,,,江東区登録文化財
1227,大慈庵跡　黄檗宗江戸八カ庵の一,東京都江東区高橋及び猿江2-12,,,,江東区登録文化財
1228,隅田川汽船航路跡,東京都江東区佐賀1-1〜常盤1-6〜墨田区,,,,江東区登録文化財
1229,旧永代橋跡,東京都江東区佐賀1-1〜中央区,,,,江東区登録文化財
1230,深川正米市場跡,東京都江東区佐賀1-8-13,,35.67661,139.790117,江東区登録文化財
1231,干鰯場（元場）跡,東京都江東区佐賀1-14、15、17、18付近,,35.676646,139.791862,江東区登録文化財
1232,干鰯場（永代場）跡,東京都江東区佐賀2-9、12付近,,,,江東区登録文化財
1233,伊東甲子太郎道場跡,東京都江東区佐賀1-16付近,,35.676561,139.791018,江東区登録文化財
1234,いろは蔵跡,東京都江東区佐賀1-18付近,,35.676561,139.791018,江東区登録文化財
1235,大川口の渡し跡,東京都江東区永代1-7〜中央区,,,,江東区登録文化財
1236,初代市川段四郎墓,東京都江東区永代1-8-8 ,(03)3641-1842,35.674289,139.789584,江東区登録文化財
1237,伊奈忠治・忠重墓,東京都江東区永代1-8-8 ,(03)3641-1842,35.674289,139.789584,江東区登録文化財
1238,佐久間象山砲術塾跡,東京都江東区永代1-14付近,,35.674671,139.790821,江東区登録文化財
1239,熊井理左衛門宅跡,東京都江東区永代1付近,,35.674712,139.789095,江東区登録文化財
1240,相川新兵衛宅跡,東京都江東区永代1付近,,35.674712,139.789095,江東区登録文化財
1241,深川魚市場跡,東京都江東区永代1、2、門前仲町1付近,,,,江東区登録文化財
1242,伊勢ノ海墓,東京都江東区永代2-37-23　　　　　　　　　　　　　　　　,,139.792726,35.675022,江東区登録文化財
1243,佐渡ケ嶽墓,東京都江東区永代2-37-23　　　　　　　　　　　　　　　　,,139.792726,35.675022,江東区登録文化財
1244,六代目式守伊之助墓,東京都江東区永代2-37-23　　　　　　　　　　　　　　　　,,139.792726,35.675022,江東区登録文化財
1245,三代・四代・六代若松墓,東京都江東区永代2-37-23　　　　　　　　　　　　　　　　,,139.792726,35.675022,江東区登録文化財
1246,渋沢栄一宅跡,東京都江東区永代2-37,,35.674427,139.791185,江東区登録文化財
1247,新井白石寓居跡,東京都江東区福住1-9.10,,,,江東区登録文化財
1248,閻魔堂橋跡,東京都江東区福住1-12.15〜深川1-3、福住1・門前仲町1〜深川1-3,,,,江東区登録文化財
1249,干鰯場（江川場）跡,東京都江東区深川1-1、2-6〜11付近,,,,江東区登録文化財
1250,三角屋鋪跡,東京都江東区深川1-5,,35.676289,139.795307,江東区登録文化財
1251,西尾藩藩校典学館跡,東京都江東区深川1-6,,35.677301,139.794913,江東区登録文化財
1252,斎藤鶴磯宅跡,東京都江東区深川1-6.7付近,,,,江東区登録文化財
1253,小津安二郎誕生の地,東京都江東区深川1-8-8,,35.676873,139.796796,江東区登録文化財
1254,採荼庵跡,東京都江東区深川1-8付近,,35.678043,139.797627,江東区登録文化財
1255,和倉の渡し跡,東京都江東区深川2-1、冬木1〜富岡1-17.18,,,,江東区登録文化財
1256,理照院墓,東京都江東区深川2-15-20 ,,35.675496,139.797474,江東区登録文化財
1257,紫檀楼古喜墓,東京都江東区深川2-15-20 ,,35.675496,139.797474,江東区登録文化財
1258,初代市川八百蔵墓,東京都江東区深川2-16-3　　,(03)3641-1652,,,江東区登録文化財
1259,豊田古童墓,東京都江東区深川2-16-3　　,(03)3641-1652,,,江東区登録文化財
1260,五世鶴屋南北墓,東京都江東区深川2-16-7,(03)3641-2566,35.675974,139.796779,江東区登録文化財
1261,二軒茶屋松本墓,東京都江東区深川2-16-7,(03)3641-2566,35.675974,139.796779,江東区登録文化財
1262,養源院墓,東京都江東区深川2-16-7,(03)3641-2566,35.675974,139.796779,江東区登録文化財
1263,工藤平助墓　附工藤丈庵墓,東京都江東区深川2-16-7,(03)3641-2566,35.675974,139.796779,江東区登録文化財
1264,川口忠七・直墓,東京都江東区深川2-16-7,(03)3641-2566,35.675974,139.796779,江東区登録文化財
1265,伴伝兵衛店墓地,東京都江東区深川2-16-7,(03)3641-2566,35.675974,139.796779,江東区登録文化財
1266,向井忠勝墓,東京都江東区深川2-16-27,(03)3641-1580,35.675272,139.796474,東京都指定文化財
1267,伏見義民墓,東京都江東区深川2-16-27,(03)3641-1580,35.675272,139.796474,東京都指定文化財
1268,観嵩月墓,東京都江東区深川2-16-27,(03)3641-1580,35.675272,139.796474,東京都指定文化財
1269,英信勝墓,東京都江東区深川2-16-27,(03)3641-1580,35.675272,139.796474,東京都指定文化財
1270,海福寺跡,東京都江東区深川2-17,,,,江東区登録文化財
1271,三井親和墓,東京都江東区深川2-19-13 　　　　　　　　　　　　　　　,,35.677014,139.797507,江東区登録文化財
1272,元杢網夫妻墓,東京都江東区深川2-22-5,,35.677186,139.798643,江東区登録文化財
1273,蕎麦切稲荷跡,東京都江東区冬木6付近,,35.673623,139.801448,江東区登録文化財
1274,坪井信道日習堂跡,東京都江東区冬木22,(03)3641-2877,35.676192,139.800019,江東区登録文化財
1275,一の鳥居跡,東京都江東区門前仲町1-4付近,,35.672343,139.794221,江東区登録文化財
1276,伊能忠敬宅跡,東京都江東区門前仲町1-18,,35.674541,139.794175,江東区登録文化財
1277,蓬莱橋跡,東京都江東区富岡1-1.26〜牡丹2-13、3-13,,35.669809,139.798068,江東区登録文化財
1278,東京市立深川図書館跡,東京都江東区富岡1-14　深川公園,,35.672474,139.796973,江東区登録文化財
1279,永代寺跡,東京都江東区富岡1-14　深川公園付近,,35.67286,139.797463,江東区登録文化財
1280,永代寺歴代住持墓,東京都江東区富岡1-15-1,,35.672013,139.798061,江東区登録文化財
1281,富岡八幡宮富士塚跡,東京都江東区富岡1-18付近,,35.672513,139.799164,江東区登録文化財
1282,八幡堀跡,東京都江東区富岡1-19、2-7〜1-20、2-5,,,,江東区登録文化財
1283,二軒茶屋跡,東京都江東区富岡1-20　富岡八幡宮付近,,35.6718,139.799749,江東区登録文化財
1284,三十三間堂跡,東京都江東区富岡2付近,,35.671617,139.801482,江東区登録文化財
1285,四世鶴屋南北宅跡,東京都江東区牡丹1-12-9　　,,35.670764,139.794506,江東区登録文化財
1286,二世烏亭焉馬宅跡,東京都江東区牡丹1付近,,,,江東区登録文化財
1287,雀の森跡,東京都江東区牡丹1付近,,,,江東区登録文化財
1288,越中島新田跡,東京都江東区牡丹1付近,,,,江東区登録文化財
1289,雀林荘跡,東京都江東区牡丹1〜3、古石場1、2付近,,,,江東区登録文化財
1290,洲崎御薬草御植付場跡,東京都江東区牡丹3-33付近,,35.668721,139.801131,江東区登録文化財
1291,松平定信海荘跡,東京都江東区牡丹3、古石場2、3付近,,35.669086,139.800494,江東区登録文化財
1292,金刀比羅神社跡,東京都江東区古石場2-15,,35.666427,139.799471,江東区登録文化財
1293,越中島,東京都江東区越中島１,,,,江東区登録文化財
1294,越中島砲台跡,東京都江東区越中島2-1　,(03)5245-7300,35.667867,139.791777,江東区登録文化財
1295,竹橋事件処刑場跡,東京都江東区越中島2付近,,,,江東区登録文化財
1296,越中島練兵場跡,東京都江東区越中島,,,,江東区登録文化財
1297,十万坪跡,東京都江東区千石、石島、千田、海辺、扇橋,,,,江東区登録文化財
1298,再製塩製造所跡,東京都江東区石島2付近,,,,江東区登録文化財
1299,十万坪鋳銭場跡,東京都江東区千石3-1付近,,35.677745,139.818621,江東区登録文化財
1300,民営機械製粉業発祥の地,東京都江東区扇橋1-20,,35.683758,139.810822,江東区登録文化財
1301,猿江船改番所跡,東京都江東区猿江1-1付近,,35.684749,139.810991,江東区登録文化財
1302,逹理堂跡,東京都江東区猿江1-5付近,,35.685099,139.811858,江東区登録文化財
1303,関根正二墓,東京都江東区猿江1-11-15　　　　　　　　　　　　　　　　,(03)3631-4996,139.813572,35.686399,江東区登録文化財
1304,新場小安墓,東京都江東区猿江1-11-15　　　　　　　　　　　　　　　　,(03)3631-4996,139.813572,35.686399,江東区登録文化財
1305,摩利支天祠跡,東京都江東区猿江1-22-12 　　　　　　　　　,,35.686619,139.813707,江東区登録文化財
1306,妙寿寺跡,東京都江東区猿江2-2付近,,35.685738,139.814232,江東区登録文化財
1307,覚王寺跡,東京都江東区猿江2-15付近,,35.6874,139.819694,江東区登録文化財
1308,覚樹王院跡,東京都江東区猿江2-15付近,,35.6874,139.819694,江東区登録文化財
1309,五本松跡,東京都江東区猿江2-16　小名木川沿い,,35.685045,35.685045,江東区登録文化財
1310,大横川,東京都江東区墨田区〜住吉1-1〜森下5-12,,,,江東区登録文化財
1311,斎藤堀跡,東京都江東区住吉1-1、墨田区〜住吉1-7.8,,,,江東区登録文化財
1312,猿江御材木蔵跡,東京都江東区住吉2-28、毛利2-13,,35.688767,139.817092,江東区登録文化財
1313,牡丹園跡,東京都江東区毛利1-19.20,,35.692468,139.814827,江東区登録文化財
1314,藤森稲荷跡,東京都江東区毛利2-13,,35.691257,139.818115,江東区登録文化財
1315,七代目市川団十郎宅跡,東京都江東区木場2-11〜13付近,,35.670507,139.803795,江東区登録文化財
1316,鶴歩町跡,東京都江東区木場3-1〜14,,,,江東区登録文化財
1317,長谷川如是閑誕生の地,東京都江東区木場3-16付近,,35.67506,139.806347,江東区登録文化財
1318,油堀跡,東京都江東区木場3-19〜佐賀2-1､その他,,,,江東区登録文化財
1319,山東京伝誕生の地,東京都江東区木場4、5付近,,,,江東区登録文化財
1320,大島川,東京都江東区木場5-3〜永代1-7､その他,,,,江東区登録文化財
1321,平井新田跡,東京都江東区東陽3、4、5、南砂2の一部,,,,江東区登録文化財
1322,平井新田塩浜跡,東京都江東区東陽3、5の東部及び4の西部,,139.816434,139.816434,江東区登録文化財
1323,六万坪跡,東京都江東区東陽6、7,,,,江東区登録文化財
1324,元佐倉道跡,東京都江東区中央区〜亀戸1-1〜9-12〜千葉県佐倉市,,35.694801,139.845391,江東区登録文化財
1325,亀戸天神旅所跡,東京都江東区亀戸1-3付近,,35.693904,139.820698,江東区登録文化財
1326,おいてけ堀跡,東京都江東区亀戸1-12,,35.695307,139.821667,江東区登録文化財
1327,五之橋跡,東京都江東区亀戸1-27、6-1〜大島2-31、3-6,,35.693831,139.826127,江東区登録文化財
1328,亀戸銭座跡,東京都江東区亀戸2-6,,35.699889,139.819594,江東区登録文化財
1329,本多忠央家墓,東京都江東区亀戸3-10-2,,139.819657,35.703146,江東区登録文化財
1330,西館孤清墓　附妻美佐子墓,東京都江東区亀戸3-10-2,,139.819657,35.703146,江東区登録文化財
1331,西館翫水墓,東京都江東区亀戸3-10-2,,139.819657,35.703146,江東区登録文化財
1332,光蔵寺跡,東京都江東区亀戸3-10付近,,35.703328,139.819736,江東区登録文化財
1333,十間川,東京都江東区亀戸3-35〜千石3-1,,,,江東区登録文化財
1334,梅屋敷跡,東京都江東区亀戸3-40、50〜53,,35.705613,139.824165,江東区登録文化財
1335,入神明宮跡,東京都江東区亀戸3-41,,35.705009,139.823021,江東区登録文化財
1336,歌川豊国(国貞)墓,東京都江東区亀戸3-42-1,,35.704178,139.822582,江東区登録文化財
1337,伊藤左千夫墓,東京都江東区亀戸3-43-3,,35.703512,139.822503,江東区登録文化財
1338,横綱秀ノ山雷五郎墓,東京都江東区亀戸3-43-3,,35.703512,139.822503,江東区登録文化財
1339,勝田家墓地,東京都江東区亀戸3-43-3,,35.703512,139.822503,江東区登録文化財
1340,神官香取家墓地,東京都江東区亀戸3-57-22,(03)3684-2813,35.704295,139.825214,江東区登録文化財
1341,亀の島跡,東京都江東区亀戸3-57付近,,35.703939,139.825203,江東区登録文化財
1342,亀ヶ井跡,東京都江東区亀戸3,,,,江東区登録文化財
1343,歌川国輝墓,東京都江東区亀戸4-35-12,(03)3681-9757,35.702061,139.827409,江東区登録文化財
1344,占風園跡,東京都江東区亀戸6-8〜10.17〜22,,35.695401,139.827853,江東区登録文化財
1345,北十間川,東京都江東区亀戸8-25〜3-35〜墨田区,,,,江東区登録文化財
1346,竪川,東京都江東区亀戸9-12〜毛利1-21〜墨田区,,,,江東区登録文化財
1347,逆井の渡し跡,東京都江東区亀戸9-12〜江戸川区,,35.695148,139.847074,江東区登録文化財
1348,釜屋跡,東京都江東区大島1-2,,35.687427,35.687427,江東区登録文化財
1349,庚申道,東京都江東区大島1-17〜38,,35.686359,139.824026,江東区登録文化財
1350,釜屋の渡し跡,東京都江東区大島1-18〜北砂1-3,,,,江東区登録文化財
1351,一茶寓居跡,東京都江東区大島2-6付近 ,,35.692246,139.820076,江東区登録文化財
1352,霊巖寺念仏堂跡,東京都江東区大島3-30付近,,35.690421,139.830603,江東区登録文化財
1353,五百羅漢跡,東京都江東区大島3-1、4-5,,35.689243,139.826605,江東区登録文化財
1354,製糖の渡し跡,東京都江東区大島4-20〜北砂5-21,,,,江東区登録文化財
1355,伊藤左千夫宅跡,東京都江東区大島6-1,,35.692988,139.832361,江東区登録文化財
1356,中川船番所跡,東京都江東区大島9-1,,35.686645,139.846426,江東区指定文化財
1357,小名木川,東京都江東区大島9-1〜常盤1-1,,,,江東区登録文化財
1358,牛島神社跡,東京都江東区大島9-4,,35.691467,139.846158,江東区登録文化財
1359,左行秀鍛練場跡,東京都江東区北砂1-18.19、2-17付近,,35.683469,139.821132,江東区登録文化財
1360,中浜万次郎宅跡,東京都江東区北砂1-18.19、2-17付近,,35.683192,139.822594,江東区登録文化財
1361,近藤長裕墓,東京都江東区北砂2-1-40,,35.678253,139.826474,江東区登録文化財
1362,東京巡行船航路跡,東京都江東区北砂5-19〜高橋1、3〜中央区,,,,江東区登録文化財
1363,松平冠山屋敷跡,東京都江東区北砂5-20-16　亀高小学校付近,,35.684228,139.833175,江東区登録文化財
1364,精製糖工業発祥の地,東京都江東区北砂5-20.21,,35.684056,139.833125,江東区登録文化財
1365,徳島藩下屋敷庭園跡,東京都江東区北砂5-20.21,,35.684016,139.832928,江東区登録文化財
1366,砂町運河跡,東京都江東区北砂6-19〜南砂1-1その他,,35.673692,139.835542,江東区登録文化財
1367,荻家歴代墓,東京都江東区東砂1-4-6,(03)3644-7835,35.683128,139.840652,江東区登録文化財
1368,増田市五郎墓,東京都江東区東砂1-4-6,(03)3644-7835,35.683128,139.840652,江東区登録文化財
1369,上妙寺歴代住職墓,東京都江東区東砂1-4-6,(03)3644-7835,35.683128,139.840652,江東区登録文化財
1370,四ッ車大八墓,東京都江東区東砂1-4-10,(03)3644-0986,35.682478,139.840813,江東区登録文化財
1371,松本久四郎墓,東京都江東区東砂1-4-10,(03)3644-0986,35.682478,139.840813,江東区登録文化財
1372,四代目荻江露友墓,東京都江東区東砂1-4-10,(03)3644-0986,35.682478,139.840813,江東区登録文化財
1373,太郎兵衛新田跡,東京都江東区東砂1-5.6、3、4-18.21.22.23,,35.680582,139.841646,江東区登録文化財
1374,草屋の渡し跡,東京都江東区東砂2-13〜大島8-39,,,,江東区登録文化財
1375,永福寺歴代住持墓　５基,東京都江東区東砂2-14 旧永福寺墓地,,,,江東区登録文化財
1376,大塚新田跡,東京都江東区東砂4(18･21･22･23の一部を除く)､北砂7-6.7.9,,,,江東区登録文化財
1377,境川跡,東京都江東区東砂5-13〜扇橋3-8,,,,江東区登録文化財
1378,旧葛西橋跡,東京都江東区東砂5-15、6-17〜江戸川区,,35.674367,139.844127,江東区登録文化財
1379,舟入川跡,東京都江東区東砂6-20、7-16〜8-6.21,,35.672799,139.840665,江東区登録文化財
1380,砂村新田跡,東京都江東区南砂1〜7、東砂8,,35.671193,139.833197,江東区登録文化財
1381,長州藩大砲鋳造場跡,東京都江東区南砂2-3付近,,35.672294,35.672294,江東区登録文化財
1382,南砂六地蔵,東京都江東区南砂2-28-1　　　　　,,35.675418,139.821618,江東区登録文化財
1383,洲崎球場跡,東京都江東区新砂1-1.2付近,,35.668129,139.821993,江東区登録文化財
1384,清澄庭園,東京都江東区清澄3-3-9,,35.680699,139.797736,東京都指定文化財
1385,産業・観光情報コーナー,東京都練馬区練馬1-17-1,(03)3991-8101,35.738248,139.65336,
1386,石神井観光案内所,東京都練馬区石神井町3-23-8,(03)5923-9220,35.743631,139.606268,
1387,都立石神井公園,東京都練馬区石神井町5-1087-11ほか,(03)3996-3950,35.738382,139.598103,
1388,都立光が丘公園,東京都練馬区光が丘4-25-2,(03)3977-7638,35.766383,139.629486,
1389,牧野記念庭園,東京都練馬区東大泉6-34-4,(03)6904-6403,35.746344,139.585551,
1390,四季の香ローズガーデン,東京都練馬区光が丘5-2-6,(03)6904-2061,35.760772,139.625751,
1391,土支田農業公園,東京都練馬区土支田3-34-26,(03)5387-8931,35.760586,139.609566,
1392,こどもの森,東京都練馬区羽沢2-32-7,(03)5999-6200,35.748792,139.672507,
1393,中里郷土の森,東京都練馬区大泉町1-51-2,(03)3922-3021,35.769186,139.604088,
1394,石神井松の風文化公園,東京都練馬区石神井台1-33-44,(03)5372-2455,35.739351,139.594103,
1395,都立城北中央公園,東京都練馬区羽沢3-15-13ほか,(03)3931-3650,35.75593,139.67404,
1396,都立大泉中央公園,東京都練馬区大泉学園町9-538-17,(03)3867-8096,35.775157,139.598236,
1397,大泉交通公園,東京都練馬区南大泉6-16-1,(03)3924-0996,35.753451,139.572246,
1398,平成つつじ公園,東京都練馬区練馬1-17-6,(03)3994-8141,35.738805,139.6535,
1399,向山庭園,東京都練馬区向山3-1-21,(03)3926-7810,35.742124,139.64673,
1400,田柄梅林公園,東京都練馬区田柄5-5-2,(03)3994-8141,35.755203,139.632582,
1401,武蔵関公園,東京都練馬区関町北3-45-1,(03)3928-2484,35.727666,139.567786,
1402,石神井公園ふるさと文化館,東京都練馬区石神井町5-12-16,(03)3996-4060,35.737444,139.599429,
1403,石神井公園ふるさと文化館分室,東京都練馬区石神井台1-33-44,(03)3996-4060,35.739385,139.594178,
1404,旧内田家住宅,東京都練馬区石神井町5-13,(03)3996-4060,35.737672,139.600303,
1405,稲荷山図書館　昆虫コーナー,東京都練馬区大泉町1-3-18,(03)3921-4641,35.76535,139.609184,
1406,練馬文化センター,東京都練馬区練馬1-17-37,(03)3993-3311,35.739169,139.653962,
1407,練馬区立美術館,東京都練馬区貫井1-36-16,(03)3577-1821,35.737047,139.636048,
1408,大泉学園ゆめりあホール,東京都練馬区東大泉1-29-1,(03)5947-2351,35.75024,139.58571,
1409,清水山の森,東京都練馬区大泉町1-6,(03)3904-7557,35.765734,139.608193,
1410,稲荷山憩いの森,東京都練馬区土支田4-14,(03)5984-1683,35.765769,139.610399,
1411,ルーチェ,東京都町田市原町田2-2-5 オードリービル1F,042-721-7226,-51026.0681,-34598.72184,イタリアンレストラン
1412,富澤商店,東京都町田市原町田4-4-6 ,042-722-3175,-50702.62566,-34922.28964,菓子･パン
1413,菓舗 中野屋,東京都町田市原町田4-4-7 ,042-722-8484,-50720.06555,-34924.05723,和菓子
1414,BACKEREI むぎばたけ,東京都町田市金井2-3-7 ,042-734-2241,-46980.57431,-34217.81484,ベーカリー
1415,守屋精肉店,東京都町田市原町田4-6-7 ,042-722-2070,-50790.28206,-34832.96886,精肉
1416,LIQUOR PORT 蔵家,東京都町田市木曽西1-1-15 ,042-793-2176,-48463.55416,-37343.63031,酒類
1417,菓匠 華月,東京都町田市成瀬8-4-13 ,042-725-2989,-50645.41471,-33253.37256,和菓子
1418,キャラメリーゼ,東京都町田市小川1-14-10 ,042-788-2566,-52235.14068,-32512.61812,洋菓子
1419,ロプチュー,東京都町田市玉川学園1-22-20 ,042-725-6998,-48837.17078,-33710.04554,紅茶専門店
1420,ブラウニー,東京都町田市成瀬が丘2-28-2 ,042-796-7760,-51471.64941,-32791.28981,ベーカリー
1421,天忠,東京都町田市中町1-3-4 ,042-739-1303,-50202.72087,-35242.25262,醤油料理専門店
1422,河原本店,東京都町田市原町田4-6-8 ,042-722-2066,-50801.43738,-34833.57362,乾物類
1423,でくの坊,東京都町田市森野1-26-23 松本ビル1F,042-727-0649,-50283.4561,-35313.0663,らーめん専門店
1424,コシード,東京都町田市中町1-4-17 ,042-728-5340,-50148.52654,-35211.27619,地中海料理
1425,ジューンブライド,東京都町田市森野6-66-1 フローラ森野1F,042-721-0015,-49638.13392,-36589.41852,洋菓子
1426,玉川珈琲倶楽部,東京都町田市玉川学園2-7-13 ,042-728-4424,-48490.58834,-33619.69057,コーヒー専門店(豆通販･カフェ)
1427,ドゥ・リーブル,東京都町田市金井2-1-23 ,042-734-5252,-46980.62488,-34262.85014,ベーカリー
1428,パン・パティ,東京都町田市本町田2938-1 ,042-729-1833,-47532.16265,-35747.80304,ベーカリー
1429,ママンラトーナ,東京都町田市南つくし野4-17-16 ,0120-445-144,-52642.05093,-32405.94101,ベーカリー
1430,マ メゾン 鶴川店,東京都町田市金井町60 ,042-736-6535,-47324.23419,-34816.84585,欧風家庭料理
1431,手造りハム・ソーセージ独逸屋（どいつや）,東京都町田市成瀬台2-2-8 ,042-721-7401,-49920.86147,-32224.1962,手造りハム・ソーセージ
1432,クリーニング フルフル,東京都町田市成瀬が丘2-1-13,042-796-6395,-51615.74802,-32625.94981,クリーニング 
1433,居魚屋 くうべえ,東京都町田市金井4-2-21,042-708-4271,-46442.81928,-33582.11538,居酒屋
1434,パンステージ エピソード,東京都町田市図師町1379-1,042-703-9722,-46152.31078,-37168.72241,ベーカリー・カフェ
1435,つくし野マロン,東京都町田市つくし野4-33-26,042-796-0309,-53163.29547,-31697.99797,洋菓子
1436,やきとり処 大舞,東京都町田市原町田3-9-1 メゾン及川1F,042-727-5678,-50777.48159,-34606.72609,やきとり専門店
1437,竹取物語,東京都町田市原町田4-12-23 桐屋ビル1Ｆ,042-721-3550,-50627.10663,-34812.5679,美容室
1438,まねきや,東京都町田市原町田4-5-21,042-720-0898,-50772.2123,-34924.68243,駄菓子・雑貨
1439,ボンヌール洋菓子店,東京都町田市森野2-30-13 ,042-722-3806,-49987.66667,-35423.39836,洋菓子
1440,メルシー,東京都町田市木曽東4-17-22 ,042-792-2548,-48187.33517,-36862.20087,ベーカリー
1441,土方精肉店,東京都町田市中町1-17-10 土方ビル,042-722-2335,-50166.07252,-35032.47198,精肉・揚げ物
1442,ホームデリカTAICHI,東京都町田市成瀬が丘3-4-12 ,042-799-0229,-51463.04795,-32960.72899,腸詰ギョーザソーセージ
1443,航旅莉屋,東京都町田市森野2-31-4 スカイハイツ渋谷1階,042-727-7072,-50067.28784,-35441.84105,洋食
1444,トラットリア マリー,東京都町田市中町1-1-15 MARIE 1F ,042-721-0147,-50319.05873,-35104.79141,イタリアンレストラン
1445,あらかると,東京都町田市忠生2-2-32 ,042-792-4002,-47073.16776,-37033.85044,ハンバーグ専門店
1446,町田汁場しおらーめん　進化,東京都町田市森野3-18-17 ウイング森野103,042-705-7122,-49499.92433,-35805.20999,塩ラーメン専門店
1447,ヘナ倶楽部,東京都町田市成瀬が丘2-25-16 きめた第7ビル1ＦＢ,042-788-4679,-51423.10905,-32913.85065,漢方髪染専門店
1448,ボンボネーラ ,東京都町田市森野6-66-1 フローラ森野102号,042-729-6606,-49638.13392,-36589.41852,ハンバーグ＆ステーキ
1449,カフェ 中野屋,東京都町田市原町田4-11-6 中野屋新館1F,042-725-4104,-50634.30969,-34845.56552,カフェ･うどん
1450,オー･プティ･グルマン,東京都町田市南成瀬4-1-15 1F,042-723-0019,-51269.34328,-32452.0213,洋菓子
1451,七面,東京都町田市原町田4-5-19 町田仲見世商店街内,042-722-5288,-50790.57196,-34896.62639,ラーメン
1452,やさいのナイトウ,東京都町田市成瀬2-15-4 ,042-732-9070,-49958.39408,-32114.94519,野菜･菓物専門店
1453,柾屋商店,東京都町田市原町田6-8-1 109MACHIDA1F,042-722-3151,-50637.09808,-35009.40784,海産･乾物
1454,Hair&Make アミ,東京都町田市木曽東1-37-28 -Ｂ,042-727-1041,-48839.82252,-36980.27602,美容室
1455,ロテン・ガーデン,東京都町田市相原町358 ,042-774-2681,-43223.19056,-44305.79267,天然温泉
1456,ブーランジュリ チロ,東京都町田市森野2-31-5 ,042-785-5474,-50060.84874,-35451.77327,ベーカリー
1457,町田あいす工房ラッテ,東京都町田市相原町2567 ,042-783-4643,-42946.70419,-47346.58789,ジェラード専門店
1458,浜焼市場,東京都町田市小山町704-1 ,042-798-7318,-45306.16297,-40714.06605,漁師料理
1459,トレビノ・カフェ,東京都町田市金井2-8-17,042-735-1213,-47362.8835,-34153.32488,イタリアンレストラン
1460,エルヴェッタ,東京都町田市森野1-33-18 幹ビル1F,042-728-0208,-43165.3288,-51074.41244,イタリアンレストラン
1461,おんどり,東京都町田市原町田2-6-13 ベルストーク1F,042-729-8886,-51082.24036,-34474.36336,炭火焼鳥
1462,シェ・プルミエ,東京都町田市森野1-20-10 ホテル町田ヴィラ1Ｆ,042-727-0170,-50360.93332,-35299.93412,フレンチレストラン
1463,マルハチ,東京都町田市原町田4-5-9 仲見世商店街内,042-729-5325,-50768.57604,-34845.93607,まぐろ専門店
1464,まくらぼ,東京都町田市原町田4-9-16 第一ビル1Ｆ,042-732-6665,-50768.0459,-34802.91223,オーダーまくらとふとんの店
1465,足道楽,東京都町田市森野1-38-5 赤司ビル 1F,042-711-6882,-50362.03951,-35223.56697,オーダーメイド中敷と靴の専門店
1466,パティスリー ファン,東京都町田市忠生3-1-32 ロイヤル忠生1F,042-794-9311,-46986.11286,-37619.5916,洋菓子
1467,グリルママ,東京都町田市原町田6-11-7 ,042-722-3307,-50491.36599,-35112.75368,洋食レストラン
1468,金満園,東京都町田市原町田4-1-7 三徳ビルB1F ,042-722-2208,-50811.71263,-34984.21557,中華料理専門店
1469,胡心房,東京都町田市原町田4-1-1 太陽ビル1F,042-727-8439,-50790.11406,-35048.76534,らーめん専門店
1470,大蔵湯,東京都町田市木曽町522,042-723-5664,-48567.54932,-36566.5235,公衆浴場
1471,金森湯,東京都町田市金森3-22-21 ,042-796-5926,-52377.82667,-33667.51074,公衆浴場
1472,薬師スタジオ,東京都町田市根岸2-18-1 アメリア町田根岸SC2Ｆ,0800-800-4661,-43165.3288,-51074.41244,写真スタジオ
1473,グリュン・シューズガーデン,東京都町田市成瀬が丘2-29-8,042-706-8033,-51509.74127,-32812.45479,靴専門店
1474,きものりさいくる着道楽,東京都町田市成瀬が丘2-25-16,042-706-9266,-51423.10905,-32913.85065,リサイクル着物､着付教室､つるし雛教室
1475,酒舗まさるや,東京都町田市鶴川6-7-2-102,042-735-5141,-45330.58322,-32962.50495,酒類
1476,ヘア ラパンジャ,東京都町田市森野1-9-18 プリマコスモ2階,042-720-8809,-50370.21998,-35507.89511,美容室
1477,グランガトー&合田和代お菓子教室,東京都町田市玉川学園2-8-25 ,042-727-3517,-48566.33854,-33697.03674,お菓子教室＆ティーサロン
1478,ゑくぼ,東京都町田市東玉川学園2-29-20 ,042-726-0411,-49545.67719,-32703.32104,洋菓子
1479,パティスリー　ル・ソレイユ,東京都町田市鶴川6-7-1-103 ,042-708-9982,-45313.3135,-32867.73204,洋菓子
1480,らーめん武蔵堂,東京都町田市相原町3155 ,042-782-5390,-43586.17207,-48003.69951,らーめん専門店
1481,アサノ,東京都町田市原町田4-5-19 町田仲見世飲食街,042-729-7258,-50790.57196,-34896.62639,カレー専門店
1482,いぶし銀,東京都町田市原町田6-29-4 寺田ビル1-Ｂ,042-728-9295,-50251.34239,-34986.75204,らーめん専門店
1483,GOCHI ときわ,東京都町田市森野1-35-10 ,042-729-3006,-50336.47867,-35243.47594,寿司
1484,SUNNY BAKKERY,東京都町田市旭町1-21-14,042-850-8555,-49086.31409,-35689.33057,ベーカリー
1485,Bistro chez Riki,東京都町田市原町田3-1-4 町田ターミナルプラザ２F,042-724-7678,-50938.08184,-34813.3838,洋食
1486,Un petit peu,東京都町田市原町田4-23-2 ,042-728-6162,-50624.95835,-34536.41312,ワインバー
1487,DINING BAR SUU,東京都町田市森野1-9-18? まるかビル B1F,042-851-7652,-50370.21998,-35507.89511,中華
1488,きち吉,東京都町田市南成瀬1-8-10 ,042-739-1005,-51297.07218,-32758.0935,お好み焼き･もんじゃ焼き
1489,都立清澄庭園,東京都江東区清澄3-3-9 ,(03)3641-5892,35.680737,139.797794,
1490,深川江戸資料館,東京都江東区白河1-3-28,(03)3630-8625,35.681389,139.800675,
1491,芭蕉記念館,東京都江東区常盤1-6-3,(03)3631-1448,35.686165,139.794043,
1492,東京都現代美術館,東京都江東区三好4-1-1,(03)5245-4111,35.679782,139.808192,
1493,中川船番所資料館,東京都江東区大島9-1-15,(03)3636-9091,35.687747,139.846306,
1494,日本科学未来館,東京都江東区青海2-3-6,(03)3570-9253,35.619379,139.7764,
1495,深川東京モダン館,東京都江東区門前仲町1-19-15,(03)5639-1776,35.674092,139.794906,
1496,亀戸梅屋敷,東京都江東区亀戸4-18-8,(03)6802-9550,35.70148,139.825667,
1497,豊洲市場,東京都江東区豊洲6-6-1,(03)3520-8205,35.644168,139.784298,
1498,明治丸,東京都江東区越中島2-1-6,(03)5245-7300,35.667394,139.790269,
1499,夢の島熱帯博物館,東京都江東区夢の島2-1-2,(03)3522-0281,35.651335,139.829369,
1500,東京都虹の下水道館,東京都江東区有明2-3-5,(03)5564-2458,35.63345,139.784254,
1501,東京都立第五福竜丸展示館,東京都江東区夢の島2-1-1,(03)3521-8494,35.651048,139.826301,
1502,東京都水の科学館,東京都江東区有明3-1-8,(03)3528-2366,35.63079,139.785567,
1503,東京臨海部広報展示室 TOKYO ミナトリエ,東京都江東区青海2-4-24,(03)5500-2587,35.617724,139.778557,
1504,東京ビッグサイト,東京都江東区有明3-10-1,(03)5530-1111,35.629905,139.794238,
1505,田河水泡・のらくろ館,東京都江東区森下3-12-17,(03)5600-8666,35.685408,139.802078,
1506,石田波郷記念館,東京都江東区北砂5-1-7,(03)3640-1751,35.680617,139.831936,
1507,伊東深水と関根正二紹介展示コーナー,東京都江東区森下3-12-17,(03)5600-8666,35.685408,139.802078,
1508,小津安二郎紹介展示コーナー,東京都江東区古石場2-13-2,(03)5620-0224,35.667256,139.799022,
1509,工匠館,東京都江東区森下3-12-17,(03)5600-8666,35.685408,139.802078,
1510,旧大石家住宅,東京都江東区南砂5-24,(03)3647-9819,35.67451,139.835963,
1511,横綱大鵬顕彰コーナー,東京都江東区白河1-3-28,(03)3630-8625,35.681389,139.800675,
1512,水素情報館　東京スイソミル,東京都江東区潮見1-3-2,(03)6666-6761,35.65637,139.811797,
1513,そなエリア東京,東京都江東区有明3-8-35,(03)3529-2180,35.635505,139.794087,
1514,葛飾柴又寅さん記念館,東京都葛飾区柴又6-22-19,03-3657-3455,35.757368,139.88053,
1515,山田洋次ミュージアム,東京都葛飾区柴又6-22-19,03-3657-3455（葛飾柴又寅さん記念館）,35.757368,139.88053,
1516,葛飾区山本亭,東京都葛飾区柴又7-19-32,03-3657-8577,35.758157,139.880208,
1517,聖徳記念絵画館,東京都新宿区霞ヶ丘1-1,03-3401-5179,35.678727,139.717628,
1518,末広亭,東京都新宿区新宿3-6-12,03-3351-2974,35.691152,139.705892,
1519,佐伯祐三アトリエ記念館,東京都新宿区中落合2-4-21,03-5988-0091,35.72084,139.69364,
1520,中村彝アトリエ記念館,東京都新宿区下落合3-5-7,03-5906-5671,35.72088,139.70118,
1521,林芙美子記念館,東京都新宿区中井2-20-1,03-5996-9207,35.71586,139.68425,
1522,漱石山房記念館,東京都新宿区早稲田南町7,03-3205-0209,35.70391,139.72548,
